flight_date,flight_status,departure,arrival,airline,flight,aircraft,live
2025-05-03,landed,"{'airport': 'Badu Island', 'timezone': 'Australia/Brisbane', 'iata': 'BDD', 'icao': 'YBAU', 'terminal': None, 'gate': None, 'delay': None, 'scheduled': '2025-05-03T14:05:00+00:00', 'estimated': '2025-05-03T14:05:00+00:00', 'actual': '2025-05-01T13:49:00+00:00', 'estimated_runway': '2025-05-01T13:49:00+00:00', 'actual_runway': '2025-05-01T13:49:00+00:00'}","{'airport': 'Horn Island', 'timezone': 'Australia/Brisbane', 'iata': 'HID', 'icao': 'YHID', 'terminal': '2', 'gate': None, 'baggage': None, 'scheduled': '2025-05-01T14:18:00+00:00', 'delay': None, 'estimated': None, 'actual': '2025-05-01T14:01:00+00:00', 'estimated_runway': '2025-05-01T14:01:00+00:00', 'actual_runway': '2025-05-01T14:01:00+00:00'}","{'name': 'Hinterland Aviation', 'iata': 'OI', 'icao': 'HND'}","{'number': '424', 'iata': 'OI424', 'icao': 'HND424', 'codeshared': None}",,
2025-05-02,scheduled,"{'airport': 'East Midlands', 'timezone': 'Europe/London', 'iata': 'EMA', 'icao': 'EGNX', 'terminal': None, 'gate': None, 'delay': 10, 'scheduled': '2025-05-02T04:55:00+00:00', 'estimated': '2025-05-02T04:55:00+00:00', 'actual': None, 'estimated_runway': None, 'actual_runway': None}","{'airport': 'Aldergrove International Airport', 'timezone': 'Europe/London', 'iata': 'BFS', 'icao': 'EGAA', 'terminal': 'N', 'gate': None, 'baggage': None, 'scheduled': '2025-05-02T05:46:00+00:00', 'delay': None, 'estimated': None, 'actual': None, 'estimated_runway': None, 'actual_runway': None}","{'name': 'DHL Air', 'iata': 'D0', 'icao': 'DHK'}","{'number': '2506', 'iata': 'D02506', 'icao': 'DHK2506', 'codeshared': None}",,
2025-05-02,scheduled,"{'airport': 'Binaka', 'timezone': 'Asia/Jakarta', 'iata': 'GNS', 'icao': 'WIMB', 'terminal': None, 'gate': None, 'delay': None, 'scheduled': '2025-05-02T11:50:00+00:00', 'estimated': '2025-05-02T11:50:00+00:00', 'actual': None, 'estimated_runway': None, 'actual_runway': None}","{'airport': None, 'timezone': None, 'iata': 'KNO', 'icao': 'WIMM', 'terminal': None, 'gate': None, 'baggage': None, 'scheduled': '2025-05-02T12:55:00+00:00', 'delay': None, 'estimated': None, 'actual': None, 'estimated_runway': None, 'actual_runway': None}","{'name': 'Wings Air (Indonesia)', 'iata': 'IW', 'icao': 'WON'}","{'number': '1247', 'iata': 'IW1247', 'icao': 'WON1247', 'codeshared': None}",,
2025-05-02,scheduled,"{'airport': 'Barajas', 'timezone': 'Europe/Madrid', 'iata': 'MAD', 'icao': 'LEMD', 'terminal': '3', 'gate': 'E81', 'delay': 18, 'scheduled': '2025-05-02T06:45:00+00:00', 'estimated': '2025-05-02T06:45:00+00:00', 'actual': None, 'estimated_runway': None, 'actual_runway': None}","{'airport': 'Vigo', 'timezone': 'Europe/Madrid', 'iata': 'VGO', 'icao': 'LEVX', 'terminal': 'T1', 'gate': None, 'baggage': '2', 'scheduled': '2025-05-02T07:50:00+00:00', 'delay': None, 'estimated': None, 'actual': None, 'estimated_runway': None, 'actual_runway': None}","{'name': 'KLM', 'iata': 'KL', 'icao': 'KLM'}","{'number': '3367', 'iata': 'KL3367', 'icao': 'KLM3367', 'codeshared': {'airline_name': 'air europa', 'airline_iata': 'ux', 'airline_icao': 'aea', 'flight_number': '7308', 'flight_iata': 'ux7308', 'flight_icao': 'aea7308'}}",,
2025-05-02,scheduled,"{'airport': 'Barajas', 'timezone': 'Europe/Madrid', 'iata': 'MAD', 'icao': 'LEMD', 'terminal': '3', 'gate': 'E81', 'delay': 18, 'scheduled': '2025-05-02T06:45:00+00:00', 'estimated': '2025-05-02T06:45:00+00:00', 'actual': None, 'estimated_runway': None, 'actual_runway': None}","{'airport': 'Vigo', 'timezone': 'Europe/Madrid', 'iata': 'VGO', 'icao': 'LEVX', 'terminal': 'T1', 'gate': None, 'baggage': '2', 'scheduled': '2025-05-02T07:50:00+00:00', 'delay': None, 'estimated': None, 'actual': None, 'estimated_runway': None, 'actual_runway': None}","{'name': 'Etihad Airways', 'iata': 'EY', 'icao': 'ETD'}","{'number': '7590', 'iata': 'EY7590', 'icao': 'ETD7590', 'codeshared': {'airline_name': 'air europa', 'airline_iata': 'ux', 'airline_icao': 'aea', 'flight_number': '7308', 'flight_iata': 'ux7308', 'flight_icao': 'aea7308'}}",,
2025-05-02,scheduled,"{'airport': 'Barajas', 'timezone': 'Europe/Madrid', 'iata': 'MAD', 'icao': 'LEMD', 'terminal': '3', 'gate': 'E81', 'delay': 18, 'scheduled': '2025-05-02T06:45:00+00:00', 'estimated': '2025-05-02T06:45:00+00:00', 'actual': None, 'estimated_runway': None, 'actual_runway': None}","{'airport': 'Vigo', 'timezone': 'Europe/Madrid', 'iata': 'VGO', 'icao': 'LEVX', 'terminal': 'T1', 'gate': None, 'baggage': '2', 'scheduled': '2025-05-02T07:50:00+00:00', 'delay': None, 'estimated': None, 'actual': None, 'estimated_runway': None, 'actual_runway': None}","{'name': 'Aeromexico', 'iata': 'AM', 'icao': 'AMX'}","{'number': '6942', 'iata': 'AM6942', 'icao': 'AMX6942', 'codeshared': {'airline_name': 'air europa', 'airline_iata': 'ux', 'airline_icao': 'aea', 'flight_number': '7308', 'flight_iata': 'ux7308', 'flight_icao': 'aea7308'}}",,
2025-05-02,scheduled,"{'airport': 'Barajas', 'timezone': 'Europe/Madrid', 'iata': 'MAD', 'icao': 'LEMD', 'terminal': '3', 'gate': 'E81', 'delay': 18, 'scheduled': '2025-05-02T06:45:00+00:00', 'estimated': '2025-05-02T06:45:00+00:00', 'actual': None, 'estimated_runway': None, 'actual_runway': None}","{'airport': 'Vigo', 'timezone': 'Europe/Madrid', 'iata': 'VGO', 'icao': 'LEVX', 'terminal': 'T1', 'gate': None, 'baggage': '2', 'scheduled': '2025-05-02T07:50:00+00:00', 'delay': None, 'estimated': None, 'actual': None, 'estimated_runway': None, 'actual_runway': None}","{'name': 'Air France', 'iata': 'AF', 'icao': 'AFR'}","{'number': '4791', 'iata': 'AF4791', 'icao': 'AFR4791', 'codeshared': {'airline_name': 'air europa', 'airline_iata': 'ux', 'airline_icao': 'aea', 'flight_number': '7308', 'flight_iata': 'ux7308', 'flight_icao': 'aea7308'}}",,
2025-05-02,scheduled,"{'airport': 'Barajas', 'timezone': 'Europe/Madrid', 'iata': 'MAD', 'icao': 'LEMD', 'terminal': '2', 'gate': 'D163', 'delay': 13, 'scheduled': '2025-05-02T06:40:00+00:00', 'estimated': '2025-05-02T06:40:00+00:00', 'actual': None, 'estimated_runway': None, 'actual_runway': None}","{'airport': 'La Coruna', 'timezone': 'Europe/Madrid', 'iata': 'LCG', 'icao': 'LECO', 'terminal': '1', 'gate': None, 'baggage': '1', 'scheduled': '2025-05-02T07:50:00+00:00', 'delay': None, 'estimated': None, 'actual': None, 'estimated_runway': None, 'actual_runway': None}","{'name': 'KLM', 'iata': 'KL', 'icao': 'KLM'}","{'number': '3315', 'iata': 'KL3315', 'icao': 'KLM3315', 'codeshared': {'airline_name': 'air europa', 'airline_iata': 'ux', 'airline_icao': 'aea', 'flight_number': '7233', 'flight_iata': 'ux7233', 'flight_icao': 'aea7233'}}",,
2025-05-02,scheduled,"{'airport': 'Barajas', 'timezone': 'Europe/Madrid', 'iata': 'MAD', 'icao': 'LEMD', 'terminal': '2', 'gate': 'D163', 'delay': 13, 'scheduled': '2025-05-02T06:40:00+00:00', 'estimated': '2025-05-02T06:40:00+00:00', 'actual': None, 'estimated_runway': None, 'actual_runway': None}","{'airport': 'La Coruna', 'timezone': 'Europe/Madrid', 'iata': 'LCG', 'icao': 'LECO', 'terminal': '1', 'gate': None, 'baggage': '1', 'scheduled': '2025-05-02T07:50:00+00:00', 'delay': None, 'estimated': None, 'actual': None, 'estimated_runway': None, 'actual_runway': None}","{'name': 'Etihad Airways', 'iata': 'EY', 'icao': 'ETD'}","{'number': '7562', 'iata': 'EY7562', 'icao': 'ETD7562', 'codeshared': {'airline_name': 'air europa', 'airline_iata': 'ux', 'airline_icao': 'aea', 'flight_number': '7233', 'flight_iata': 'ux7233', 'flight_icao': 'aea7233'}}",,
2025-05-02,scheduled,"{'airport': 'Barajas', 'timezone': 'Europe/Madrid', 'iata': 'MAD', 'icao': 'LEMD', 'terminal': '2', 'gate': 'D163', 'delay': 13, 'scheduled': '2025-05-02T06:40:00+00:00', 'estimated': '2025-05-02T06:40:00+00:00', 'actual': None, 'estimated_runway': None, 'actual_runway': None}","{'airport': 'La Coruna', 'timezone': 'Europe/Madrid', 'iata': 'LCG', 'icao': 'LECO', 'terminal': '1', 'gate': None, 'baggage': '1', 'scheduled': '2025-05-02T07:50:00+00:00', 'delay': None, 'estimated': None, 'actual': None, 'estimated_runway': None, 'actual_runway': None}","{'name': 'Delta Air Lines', 'iata': 'DL', 'icao': 'DAL'}","{'number': '6762', 'iata': 'DL6762', 'icao': 'DAL6762', 'codeshared': {'airline_name': 'air europa', 'airline_iata': 'ux', 'airline_icao': 'aea', 'flight_number': '7233', 'flight_iata': 'ux7233', 'flight_icao': 'aea7233'}}",,
2025-05-02,scheduled,"{'airport': 'Barajas', 'timezone': 'Europe/Madrid', 'iata': 'MAD', 'icao': 'LEMD', 'terminal': '2', 'gate': 'D163', 'delay': 13, 'scheduled': '2025-05-02T06:40:00+00:00', 'estimated': '2025-05-02T06:40:00+00:00', 'actual': None, 'estimated_runway': None, 'actual_runway': None}","{'airport': 'La Coruna', 'timezone': 'Europe/Madrid', 'iata': 'LCG', 'icao': 'LECO', 'terminal': '1', 'gate': None, 'baggage': '1', 'scheduled': '2025-05-02T07:50:00+00:00', 'delay': None, 'estimated': None, 'actual': None, 'estimated_runway': None, 'actual_runway': None}","{'name': 'Aeromexico', 'iata': 'AM', 'icao': 'AMX'}","{'number': '6906', 'iata': 'AM6906', 'icao': 'AMX6906', 'codeshared': {'airline_name': 'air europa', 'airline_iata': 'ux', 'airline_icao': 'aea', 'flight_number': '7233', 'flight_iata': 'ux7233', 'flight_icao': 'aea7233'}}",,
2025-05-02,scheduled,"{'airport': 'Barajas', 'timezone': 'Europe/Madrid', 'iata': 'MAD', 'icao': 'LEMD', 'terminal': '2', 'gate': 'D163', 'delay': 13, 'scheduled': '2025-05-02T06:40:00+00:00', 'estimated': '2025-05-02T06:40:00+00:00', 'actual': None, 'estimated_runway': None, 'actual_runway': None}","{'airport': 'La Coruna', 'timezone': 'Europe/Madrid', 'iata': 'LCG', 'icao': 'LECO', 'terminal': '1', 'gate': None, 'baggage': '1', 'scheduled': '2025-05-02T07:50:00+00:00', 'delay': None, 'estimated': None, 'actual': None, 'estimated_runway': None, 'actual_runway': None}","{'name': 'Air France', 'iata': 'AF', 'icao': 'AFR'}","{'number': '4833', 'iata': 'AF4833', 'icao': 'AFR4833', 'codeshared': {'airline_name': 'air europa', 'airline_iata': 'ux', 'airline_icao': 'aea', 'flight_number': '7233', 'flight_iata': 'ux7233', 'flight_icao': 'aea7233'}}",,
2025-05-02,scheduled,"{'airport': 'Barajas', 'timezone': 'Europe/Madrid', 'iata': 'MAD', 'icao': 'LEMD', 'terminal': '3', 'gate': 'E73', 'delay': None, 'scheduled': '2025-05-02T06:35:00+00:00', 'estimated': '2025-05-02T06:35:00+00:00', 'actual': None, 'estimated_runway': None, 'actual_runway': None}","{'airport': 'Pablo Ruiz Picasso', 'timezone': 'Europe/Madrid', 'iata': 'AGP', 'icao': 'LEMG', 'terminal': None, 'gate': None, 'baggage': '36', 'scheduled': '2025-05-02T07:50:00+00:00', 'delay': None, 'estimated': None, 'actual': None, 'estimated_runway': None, 'actual_runway': None}","{'name': 'Etihad Airways', 'iata': 'EY', 'icao': 'ETD'}","{'number': '7536', 'iata': 'EY7536', 'icao': 'ETD7536', 'codeshared': {'airline_name': 'air europa', 'airline_iata': 'ux', 'airline_icao': 'aea', 'flight_number': '5035', 'flight_iata': 'ux5035', 'flight_icao': 'aea5035'}}",,
2025-05-02,scheduled,"{'airport': 'Barajas', 'timezone': 'Europe/Madrid', 'iata': 'MAD', 'icao': 'LEMD', 'terminal': '3', 'gate': 'E73', 'delay': None, 'scheduled': '2025-05-02T06:35:00+00:00', 'estimated': '2025-05-02T06:35:00+00:00', 'actual': None, 'estimated_runway': None, 'actual_runway': None}","{'airport': 'Pablo Ruiz Picasso', 'timezone': 'Europe/Madrid', 'iata': 'AGP', 'icao': 'LEMG', 'terminal': None, 'gate': None, 'baggage': '36', 'scheduled': '2025-05-02T07:50:00+00:00', 'delay': None, 'estimated': None, 'actual': None, 'estimated_runway': None, 'actual_runway': None}","{'name': 'Aeromexico', 'iata': 'AM', 'icao': 'AMX'}","{'number': '6841', 'iata': 'AM6841', 'icao': 'AMX6841', 'codeshared': {'airline_name': 'air europa', 'airline_iata': 'ux', 'airline_icao': 'aea', 'flight_number': '5035', 'flight_iata': 'ux5035', 'flight_icao': 'aea5035'}}",,
2025-05-02,scheduled,"{'airport': 'Barajas', 'timezone': 'Europe/Madrid', 'iata': 'MAD', 'icao': 'LEMD', 'terminal': '3', 'gate': 'E83', 'delay': None, 'scheduled': '2025-05-02T06:35:00+00:00', 'estimated': '2025-05-02T06:35:00+00:00', 'actual': None, 'estimated_runway': None, 'actual_runway': None}","{'airport': 'Francisco SÃ¡ Carneiro', 'timezone': 'Europe/Lisbon', 'iata': 'OPO', 'icao': 'LPPR', 'terminal': None, 'gate': None, 'baggage': None, 'scheduled': '2025-05-02T06:50:00+00:00', 'delay': None, 'estimated': None, 'actual': None, 'estimated_runway': None, 'actual_runway': None}","{'name': 'Aeromexico', 'iata': 'AM', 'icao': 'AMX'}","{'number': '6908', 'iata': 'AM6908', 'icao': 'AMX6908', 'codeshared': {'airline_name': 'air europa', 'airline_iata': 'ux', 'airline_icao': 'aea', 'flight_number': '1147', 'flight_iata': 'ux1147', 'flight_icao': 'aea1147'}}",,
2025-05-02,scheduled,"{'airport': 'Barajas', 'timezone': 'Europe/Madrid', 'iata': 'MAD', 'icao': 'LEMD', 'terminal': '2', 'gate': 'C50', 'delay': None, 'scheduled': '2025-05-02T06:30:00+00:00', 'estimated': '2025-05-02T06:30:00+00:00', 'actual': None, 'estimated_runway': None, 'actual_runway': None}","{'airport': 'Bilbao', 'timezone': 'Europe/Madrid', 'iata': 'BIO', 'icao': 'LEBB', 'terminal': 'O', 'gate': None, 'baggage': '5', 'scheduled': '2025-05-02T07:35:00+00:00', 'delay': None, 'estimated': None, 'actual': None, 'estimated_runway': None, 'actual_runway': None}","{'name': 'KLM', 'iata': 'KL', 'icao': 'KLM'}","{'number': '3330', 'iata': 'KL3330', 'icao': 'KLM3330', 'codeshared': {'airline_name': 'air europa', 'airline_iata': 'ux', 'airline_icao': 'aea', 'flight_number': '7161', 'flight_iata': 'ux7161', 'flight_icao': 'aea7161'}}",,
2025-05-02,scheduled,"{'airport': 'Barajas', 'timezone': 'Europe/Madrid', 'iata': 'MAD', 'icao': 'LEMD', 'terminal': '2', 'gate': 'C50', 'delay': None, 'scheduled': '2025-05-02T06:30:00+00:00', 'estimated': '2025-05-02T06:30:00+00:00', 'actual': None, 'estimated_runway': None, 'actual_runway': None}","{'airport': 'Bilbao', 'timezone': 'Europe/Madrid', 'iata': 'BIO', 'icao': 'LEBB', 'terminal': 'O', 'gate': None, 'baggage': '5', 'scheduled': '2025-05-02T07:35:00+00:00', 'delay': None, 'estimated': None, 'actual': None, 'estimated_runway': None, 'actual_runway': None}","{'name': 'Etihad Airways', 'iata': 'EY', 'icao': 'ETD'}","{'number': '7547', 'iata': 'EY7547', 'icao': 'ETD7547', 'codeshared': {'airline_name': 'air europa', 'airline_iata': 'ux', 'airline_icao': 'aea', 'flight_number': '7161', 'flight_iata': 'ux7161', 'flight_icao': 'aea7161'}}",,
2025-05-02,scheduled,"{'airport': 'Barajas', 'timezone': 'Europe/Madrid', 'iata': 'MAD', 'icao': 'LEMD', 'terminal': '2', 'gate': 'C50', 'delay': None, 'scheduled': '2025-05-02T06:30:00+00:00', 'estimated': '2025-05-02T06:30:00+00:00', 'actual': None, 'estimated_runway': None, 'actual_runway': None}","{'airport': 'Bilbao', 'timezone': 'Europe/Madrid', 'iata': 'BIO', 'icao': 'LEBB', 'terminal': 'O', 'gate': None, 'baggage': '5', 'scheduled': '2025-05-02T07:35:00+00:00', 'delay': None, 'estimated': None, 'actual': None, 'estimated_runway': None, 'actual_runway': None}","{'name': 'Aeromexico', 'iata': 'AM', 'icao': 'AMX'}","{'number': '6818', 'iata': 'AM6818', 'icao': 'AMX6818', 'codeshared': {'airline_name': 'air europa', 'airline_iata': 'ux', 'airline_icao': 'aea', 'flight_number': '7161', 'flight_iata': 'ux7161', 'flight_icao': 'aea7161'}}",,
2025-05-02,scheduled,"{'airport': 'Amami', 'timezone': 'Asia/Tokyo', 'iata': 'ASJ', 'icao': 'RJKA', 'terminal': None, 'gate': 'C', 'delay': None, 'scheduled': '2025-05-02T11:00:00+00:00', 'estimated': '2025-05-02T11:00:00+00:00', 'actual': None, 'estimated_runway': None, 'actual_runway': None}","{'airport': 'Tokunoshima', 'timezone': 'Asia/Tokyo', 'iata': 'TKN', 'icao': 'RJKN', 'terminal': None, 'gate': None, 'baggage': None, 'scheduled': '2025-05-02T11:30:00+00:00', 'delay': None, 'estimated': None, 'actual': None, 'estimated_runway': None, 'actual_runway': None}","{'name': 'Japan Airlines', 'iata': 'JL', 'icao': 'JAL'}","{'number': '3841', 'iata': 'JL3841', 'icao': 'JAL3841', 'codeshared': None}",,
2025-05-02,active,"{'airport': 'Melbourne - Tullamarine Airport', 'timezone': 'Australia/Melbourne', 'iata': 'MEL', 'icao': 'YMML', 'terminal': '3', 'gate': '12', 'delay': None, 'scheduled': '2025-05-02T09:00:00+00:00', 'estimated': '2025-05-02T09:00:00+00:00', 'actual': None, 'estimated_runway': None, 'actual_runway': None}","{'airport': 'Sydney Kingsford Smith Airport', 'timezone': 'Australia/Sydney', 'iata': 'SYD', 'icao': 'YSSY', 'terminal': '2', 'gate': 'A44', 'baggage': 'D1', 'scheduled': '2025-05-02T10:25:00+00:00', 'delay': None, 'estimated': None, 'actual': None, 'estimated_runway': None, 'actual_runway': None}","{'name': 'United Airlines', 'iata': 'UA', 'icao': 'UAL'}","{'number': '7405', 'iata': 'UA7405', 'icao': 'UAL7405', 'codeshared': {'airline_name': 'virgin australia', 'airline_iata': 'va', 'airline_icao': 'voz', 'flight_number': '827', 'flight_iata': 'va827', 'flight_icao': 'voz827'}}",,
2025-05-02,active,"{'airport': 'Melbourne - Tullamarine Airport', 'timezone': 'Australia/Melbourne', 'iata': 'MEL', 'icao': 'YMML', 'terminal': '3', 'gate': '12', 'delay': None, 'scheduled': '2025-05-02T09:00:00+00:00', 'estimated': '2025-05-02T09:00:00+00:00', 'actual': None, 'estimated_runway': None, 'actual_runway': None}","{'airport': 'Sydney Kingsford Smith Airport', 'timezone': 'Australia/Sydney', 'iata': 'SYD', 'icao': 'YSSY', 'terminal': '2', 'gate': 'A44', 'baggage': 'D1', 'scheduled': '2025-05-02T10:25:00+00:00', 'delay': None, 'estimated': None, 'actual': None, 'estimated_runway': None, 'actual_runway': None}","{'name': 'Singapore Airlines', 'iata': 'SQ', 'icao': 'SIA'}","{'number': '6813', 'iata': 'SQ6813', 'icao': 'SIA6813', 'codeshared': {'airline_name': 'virgin australia', 'airline_iata': 'va', 'airline_icao': 'voz', 'flight_number': '827', 'flight_iata': 'va827', 'flight_icao': 'voz827'}}",,
2025-05-02,active,"{'airport': 'Melbourne - Tullamarine Airport', 'timezone': 'Australia/Melbourne', 'iata': 'MEL', 'icao': 'YMML', 'terminal': '3', 'gate': '12', 'delay': None, 'scheduled': '2025-05-02T09:00:00+00:00', 'estimated': '2025-05-02T09:00:00+00:00', 'actual': None, 'estimated_runway': None, 'actual_runway': None}","{'airport': 'Sydney Kingsford Smith Airport', 'timezone': 'Australia/Sydney', 'iata': 'SYD', 'icao': 'YSSY', 'terminal': '2', 'gate': 'A44', 'baggage': 'D1', 'scheduled': '2025-05-02T10:25:00+00:00', 'delay': None, 'estimated': None, 'actual': None, 'estimated_runway': None, 'actual_runway': None}","{'name': 'Hawaiian Airlines', 'iata': 'HA', 'icao': 'HAL'}","{'number': '4101', 'iata': 'HA4101', 'icao': 'HAL4101', 'codeshared': {'airline_name': 'virgin australia', 'airline_iata': 'va', 'airline_icao': 'voz', 'flight_number': '827', 'flight_iata': 'va827', 'flight_icao': 'voz827'}}",,
2025-05-02,active,"{'airport': 'Melbourne - Tullamarine Airport', 'timezone': 'Australia/Melbourne', 'iata': 'MEL', 'icao': 'YMML', 'terminal': '3', 'gate': '12', 'delay': None, 'scheduled': '2025-05-02T09:00:00+00:00', 'estimated': '2025-05-02T09:00:00+00:00', 'actual': None, 'estimated_runway': None, 'actual_runway': None}","{'airport': 'Sydney Kingsford Smith Airport', 'timezone': 'Australia/Sydney', 'iata': 'SYD', 'icao': 'YSSY', 'terminal': '2', 'gate': 'A44', 'baggage': 'D1', 'scheduled': '2025-05-02T10:25:00+00:00', 'delay': None, 'estimated': None, 'actual': None, 'estimated_runway': None, 'actual_runway': None}","{'name': 'Etihad Airways', 'iata': 'EY', 'icao': 'ETD'}","{'number': '6895', 'iata': 'EY6895', 'icao': 'ETD6895', 'codeshared': {'airline_name': 'virgin australia', 'airline_iata': 'va', 'airline_icao': 'voz', 'flight_number': '827', 'flight_iata': 'va827', 'flight_icao': 'voz827'}}",,
2025-05-02,active,"{'airport': 'Melbourne - Tullamarine Airport', 'timezone': 'Australia/Melbourne', 'iata': 'MEL', 'icao': 'YMML', 'terminal': '1', 'gate': '8', 'delay': None, 'scheduled': '2025-05-02T09:00:00+00:00', 'estimated': '2025-05-02T09:00:00+00:00', 'actual': None, 'estimated_runway': None, 'actual_runway': None}","{'airport': 'Sydney Kingsford Smith Airport', 'timezone': 'Australia/Sydney', 'iata': 'SYD', 'icao': 'YSSY', 'terminal': '3', 'gate': 'T3G', 'baggage': 'QFR', 'scheduled': '2025-05-02T10:25:00+00:00', 'delay': None, 'estimated': None, 'actual': None, 'estimated_runway': None, 'actual_runway': None}","{'name': 'American Airlines', 'iata': 'AA', 'icao': 'AAL'}","{'number': '7318', 'iata': 'AA7318', 'icao': 'AAL7318', 'codeshared': {'airline_name': 'qantas', 'airline_iata': 'qf', 'airline_icao': 'qfa', 'flight_number': '426', 'flight_iata': 'qf426', 'flight_icao': 'qfa426'}}",,
2025-05-02,active,"{'airport': 'Melbourne - Tullamarine Airport', 'timezone': 'Australia/Melbourne', 'iata': 'MEL', 'icao': 'YMML', 'terminal': '1', 'gate': '8', 'delay': None, 'scheduled': '2025-05-02T09:00:00+00:00', 'estimated': '2025-05-02T09:00:00+00:00', 'actual': None, 'estimated_runway': None, 'actual_runway': None}","{'airport': 'Sydney Kingsford Smith Airport', 'timezone': 'Australia/Sydney', 'iata': 'SYD', 'icao': 'YSSY', 'terminal': '3', 'gate': 'T3G', 'baggage': 'QFR', 'scheduled': '2025-05-02T10:25:00+00:00', 'delay': None, 'estimated': None, 'actual': None, 'estimated_runway': None, 'actual_runway': None}","{'name': 'IndiGo', 'iata': '6E', 'icao': 'IGO'}","{'number': '4630', 'iata': '6E4630', 'icao': 'IGO4630', 'codeshared': {'airline_name': 'qantas', 'airline_iata': 'qf', 'airline_icao': 'qfa', 'flight_number': '426', 'flight_iata': 'qf426', 'flight_icao': 'qfa426'}}",,
2025-05-02,active,"{'airport': 'Melbourne - Tullamarine Airport', 'timezone': 'Australia/Melbourne', 'iata': 'MEL', 'icao': 'YMML', 'terminal': '1', 'gate': '8', 'delay': None, 'scheduled': '2025-05-02T09:00:00+00:00', 'estimated': '2025-05-02T09:00:00+00:00', 'actual': None, 'estimated_runway': None, 'actual_runway': None}","{'airport': 'Sydney Kingsford Smith Airport', 'timezone': 'Australia/Sydney', 'iata': 'SYD', 'icao': 'YSSY', 'terminal': '3', 'gate': 'T3G', 'baggage': 'QFR', 'scheduled': '2025-05-02T10:25:00+00:00', 'delay': None, 'estimated': None, 'actual': None, 'estimated_runway': None, 'actual_runway': None}","{'name': 'Cathay Pacific', 'iata': 'CX', 'icao': 'CPA'}","{'number': '9100', 'iata': 'CX9100', 'icao': 'CPA9100', 'codeshared': {'airline_name': 'qantas', 'airline_iata': 'qf', 'airline_icao': 'qfa', 'flight_number': '426', 'flight_iata': 'qf426', 'flight_icao': 'qfa426'}}",,
2025-05-02,active,"{'airport': 'Melbourne - Tullamarine Airport', 'timezone': 'Australia/Melbourne', 'iata': 'MEL', 'icao': 'YMML', 'terminal': '1', 'gate': '8', 'delay': None, 'scheduled': '2025-05-02T09:00:00+00:00', 'estimated': '2025-05-02T09:00:00+00:00', 'actual': None, 'estimated_runway': None, 'actual_runway': None}","{'airport': 'Sydney Kingsford Smith Airport', 'timezone': 'Australia/Sydney', 'iata': 'SYD', 'icao': 'YSSY', 'terminal': '3', 'gate': 'T3G', 'baggage': 'QFR', 'scheduled': '2025-05-02T10:25:00+00:00', 'delay': None, 'estimated': None, 'actual': None, 'estimated_runway': None, 'actual_runway': None}","{'name': 'LATAM Airlines', 'iata': 'LA', 'icao': 'LAN'}","{'number': '4821', 'iata': 'LA4821', 'icao': 'LAN4821', 'codeshared': {'airline_name': 'qantas', 'airline_iata': 'qf', 'airline_icao': 'qfa', 'flight_number': '426', 'flight_iata': 'qf426', 'flight_icao': 'qfa426'}}",,
2025-05-02,active,"{'airport': 'Melbourne - Tullamarine Airport', 'timezone': 'Australia/Melbourne', 'iata': 'MEL', 'icao': 'YMML', 'terminal': '1', 'gate': '8', 'delay': None, 'scheduled': '2025-05-02T09:00:00+00:00', 'estimated': '2025-05-02T09:00:00+00:00', 'actual': None, 'estimated_runway': None, 'actual_runway': None}","{'airport': 'Sydney Kingsford Smith Airport', 'timezone': 'Australia/Sydney', 'iata': 'SYD', 'icao': 'YSSY', 'terminal': '3', 'gate': 'T3G', 'baggage': 'QFR', 'scheduled': '2025-05-02T10:25:00+00:00', 'delay': None, 'estimated': None, 'actual': None, 'estimated_runway': None, 'actual_runway': None}","{'name': 'Air New Zealand', 'iata': 'NZ', 'icao': 'ANZ'}","{'number': '1826', 'iata': 'NZ1826', 'icao': 'ANZ1826', 'codeshared': {'airline_name': 'qantas', 'airline_iata': 'qf', 'airline_icao': 'qfa', 'flight_number': '426', 'flight_iata': 'qf426', 'flight_icao': 'qfa426'}}",,
2025-05-02,active,"{'airport': 'Melbourne - Tullamarine Airport', 'timezone': 'Australia/Melbourne', 'iata': 'MEL', 'icao': 'YMML', 'terminal': '1', 'gate': '8', 'delay': None, 'scheduled': '2025-05-02T09:00:00+00:00', 'estimated': '2025-05-02T09:00:00+00:00', 'actual': None, 'estimated_runway': None, 'actual_runway': None}","{'airport': 'Sydney Kingsford Smith Airport', 'timezone': 'Australia/Sydney', 'iata': 'SYD', 'icao': 'YSSY', 'terminal': '3', 'gate': 'T3G', 'baggage': 'QFR', 'scheduled': '2025-05-02T10:25:00+00:00', 'delay': None, 'estimated': None, 'actual': None, 'estimated_runway': None, 'actual_runway': None}","{'name': 'China Southern Airlines', 'iata': 'CZ', 'icao': 'CSN'}","{'number': '7556', 'iata': 'CZ7556', 'icao': 'CSN7556', 'codeshared': {'airline_name': 'qantas', 'airline_iata': 'qf', 'airline_icao': 'qfa', 'flight_number': '426', 'flight_iata': 'qf426', 'flight_icao': 'qfa426'}}",,
2025-05-02,active,"{'airport': 'Melbourne - Tullamarine Airport', 'timezone': 'Australia/Melbourne', 'iata': 'MEL', 'icao': 'YMML', 'terminal': '1', 'gate': '8', 'delay': None, 'scheduled': '2025-05-02T09:00:00+00:00', 'estimated': '2025-05-02T09:00:00+00:00', 'actual': None, 'estimated_runway': None, 'actual_runway': None}","{'airport': 'Sydney Kingsford Smith Airport', 'timezone': 'Australia/Sydney', 'iata': 'SYD', 'icao': 'YSSY', 'terminal': '3', 'gate': 'T3G', 'baggage': 'QFR', 'scheduled': '2025-05-02T10:25:00+00:00', 'delay': None, 'estimated': None, 'actual': None, 'estimated_runway': None, 'actual_runway': None}","{'name': 'Emirates', 'iata': 'EK', 'icao': 'UAE'}","{'number': '5426', 'iata': 'EK5426', 'icao': 'UAE5426', 'codeshared': {'airline_name': 'qantas', 'airline_iata': 'qf', 'airline_icao': 'qfa', 'flight_number': '426', 'flight_iata': 'qf426', 'flight_icao': 'qfa426'}}",,
2025-05-02,active,"{'airport': 'Melbourne - Tullamarine Airport', 'timezone': 'Australia/Melbourne', 'iata': 'MEL', 'icao': 'YMML', 'terminal': '3', 'gate': '6', 'delay': None, 'scheduled': '2025-05-02T08:50:00+00:00', 'estimated': '2025-05-02T08:50:00+00:00', 'actual': None, 'estimated_runway': None, 'actual_runway': None}","{'airport': 'Sydney Kingsford Smith Airport', 'timezone': 'Australia/Sydney', 'iata': 'SYD', 'icao': 'YSSY', 'terminal': '2', 'gate': 'A34', 'baggage': 'D1', 'scheduled': '2025-05-02T10:15:00+00:00', 'delay': None, 'estimated': None, 'actual': None, 'estimated_runway': None, 'actual_runway': None}","{'name': 'Singapore Airlines', 'iata': 'SQ', 'icao': 'SIA'}","{'number': '6857', 'iata': 'SQ6857', 'icao': 'SIA6857', 'codeshared': {'airline_name': 'virgin australia', 'airline_iata': 'va', 'airline_icao': 'voz', 'flight_number': '825', 'flight_iata': 'va825', 'flight_icao': 'voz825'}}",,
2025-05-02,active,"{'airport': 'Melbourne - Tullamarine Airport', 'timezone': 'Australia/Melbourne', 'iata': 'MEL', 'icao': 'YMML', 'terminal': '3', 'gate': '6', 'delay': None, 'scheduled': '2025-05-02T08:50:00+00:00', 'estimated': '2025-05-02T08:50:00+00:00', 'actual': None, 'estimated_runway': None, 'actual_runway': None}","{'airport': 'Sydney Kingsford Smith Airport', 'timezone': 'Australia/Sydney', 'iata': 'SYD', 'icao': 'YSSY', 'terminal': '2', 'gate': 'A34', 'baggage': 'D1', 'scheduled': '2025-05-02T10:15:00+00:00', 'delay': None, 'estimated': None, 'actual': None, 'estimated_runway': None, 'actual_runway': None}","{'name': 'Hawaiian Airlines', 'iata': 'HA', 'icao': 'HAL'}","{'number': '4034', 'iata': 'HA4034', 'icao': 'HAL4034', 'codeshared': {'airline_name': 'virgin australia', 'airline_iata': 'va', 'airline_icao': 'voz', 'flight_number': '825', 'flight_iata': 'va825', 'flight_icao': 'voz825'}}",,
2025-05-02,active,"{'airport': 'Melbourne - Tullamarine Airport', 'timezone': 'Australia/Melbourne', 'iata': 'MEL', 'icao': 'YMML', 'terminal': '3', 'gate': '6', 'delay': None, 'scheduled': '2025-05-02T08:50:00+00:00', 'estimated': '2025-05-02T08:50:00+00:00', 'actual': None, 'estimated_runway': None, 'actual_runway': None}","{'airport': 'Sydney Kingsford Smith Airport', 'timezone': 'Australia/Sydney', 'iata': 'SYD', 'icao': 'YSSY', 'terminal': '2', 'gate': 'A34', 'baggage': 'D1', 'scheduled': '2025-05-02T10:15:00+00:00', 'delay': None, 'estimated': None, 'actual': None, 'estimated_runway': None, 'actual_runway': None}","{'name': 'Etihad Airways', 'iata': 'EY', 'icao': 'ETD'}","{'number': '6401', 'iata': 'EY6401', 'icao': 'ETD6401', 'codeshared': {'airline_name': 'virgin australia', 'airline_iata': 'va', 'airline_icao': 'voz', 'flight_number': '825', 'flight_iata': 'va825', 'flight_icao': 'voz825'}}",,
2025-05-02,scheduled,"{'airport': 'Itami', 'timezone': 'Asia/Tokyo', 'iata': 'ITM', 'icao': 'RJOO', 'terminal': None, 'gate': '23A', 'delay': None, 'scheduled': '2025-05-02T09:00:00+00:00', 'estimated': '2025-05-02T09:00:00+00:00', 'actual': None, 'estimated_runway': None, 'actual_runway': None}","{'airport': 'Tajima', 'timezone': 'Asia/Tokyo', 'iata': 'TJH', 'icao': 'RJBT', 'terminal': None, 'gate': None, 'baggage': None, 'scheduled': '2025-05-02T09:35:00+00:00', 'delay': None, 'estimated': None, 'actual': None, 'estimated_runway': None, 'actual_runway': None}","{'name': 'Japan Airlines', 'iata': 'JL', 'icao': 'JAL'}","{'number': '2323', 'iata': 'JL2323', 'icao': 'JAL2323', 'codeshared': None}",,
2025-05-02,active,"{'airport': 'Dubbo', 'timezone': 'Australia/Sydney', 'iata': 'DBO', 'icao': 'YSDU', 'terminal': None, 'gate': None, 'delay': 1, 'scheduled': '2025-05-02T08:00:00+00:00', 'estimated': '2025-05-02T08:00:00+00:00', 'actual': '2025-05-02T08:01:00+00:00', 'estimated_runway': '2025-05-02T08:01:00+00:00', 'actual_runway': '2025-05-02T08:01:00+00:00'}","{'airport': 'Lightning Ridge', 'timezone': 'Australia/Sydney', 'iata': 'LHG', 'icao': 'YLRD', 'terminal': None, 'gate': None, 'baggage': None, 'scheduled': '2025-05-02T08:44:00+00:00', 'delay': None, 'estimated': None, 'actual': None, 'estimated_runway': None, 'actual_runway': None}","{'name': 'Thai AirAsia', 'iata': 'FD', 'icao': 'AIQ'}","{'number': '218', 'iata': 'FD218', 'icao': 'AIQ218', 'codeshared': None}",,
2025-05-02,scheduled,"{'airport': 'Dubbo', 'timezone': 'Australia/Sydney', 'iata': 'DBO', 'icao': 'YSDU', 'terminal': None, 'gate': None, 'delay': None, 'scheduled': '2025-05-02T10:20:00+00:00', 'estimated': '2025-05-02T10:20:00+00:00', 'actual': None, 'estimated_runway': None, 'actual_runway': None}","{'airport': 'Sydney Kingsford Smith Airport', 'timezone': 'Australia/Sydney', 'iata': 'SYD', 'icao': 'YSSY', 'terminal': '3', 'gate': 'T3G', 'baggage': 'QFR', 'scheduled': '2025-05-02T11:30:00+00:00', 'delay': None, 'estimated': None, 'actual': None, 'estimated_runway': None, 'actual_runway': None}","{'name': 'QantasLink', 'iata': None, 'icao': 'QLK'}","{'number': '2039', 'iata': None, 'icao': 'QLK2039', 'codeshared': None}",,
2025-05-02,scheduled,"{'airport': 'Seeb', 'timezone': 'Asia/Muscat', 'iata': 'MCT', 'icao': 'OOMS', 'terminal': None, 'gate': None, 'delay': 10, 'scheduled': '2025-05-02T05:00:00+00:00', 'estimated': '2025-05-02T05:00:00+00:00', 'actual': None, 'estimated_runway': None, 'actual_runway': None}","{'airport': 'Larnaca', 'timezone': 'Asia/Nicosia', 'iata': 'LCA', 'icao': 'LCLK', 'terminal': None, 'gate': None, 'baggage': None, 'scheduled': '2025-05-02T10:27:00+00:00', 'delay': None, 'estimated': None, 'actual': None, 'estimated_runway': None, 'actual_runway': None}","{'name': 'Oman - Royal Air Force', 'iata': None, 'icao': 'MJN'}","{'number': None, 'iata': None, 'icao': 'MJN', 'codeshared': None}",,
2025-05-02,active,"{'airport': 'Tan Son Nhat International', 'timezone': 'Asia/Ho_Chi_Minh', 'iata': 'SGN', 'icao': 'VVTS', 'terminal': '1', 'gate': None, 'delay': 8, 'scheduled': '2025-05-02T05:00:00+00:00', 'estimated': '2025-05-02T05:00:00+00:00', 'actual': '2025-05-02T05:07:00+00:00', 'estimated_runway': '2025-05-02T05:07:00+00:00', 'actual_runway': '2025-05-02T05:07:00+00:00'}","{'airport': 'Da Nang', 'timezone': 'Asia/Ho_Chi_Minh', 'iata': 'DAD', 'icao': 'VVDN', 'terminal': '1', 'gate': None, 'baggage': None, 'scheduled': '2025-05-02T06:20:00+00:00', 'delay': None, 'estimated': '2025-05-02T06:06:00+00:00', 'actual': None, 'estimated_runway': None, 'actual_runway': None}","{'name': 'Freebird Airlines', 'iata': 'FH', 'icao': 'FHY'}","{'number': '1622', 'iata': 'FH1622', 'icao': 'FHY1622', 'codeshared': None}",,
2025-05-02,scheduled,"{'airport': 'Blagnac', 'timezone': 'Europe/Paris', 'iata': 'TLS', 'icao': 'LFBO', 'terminal': None, 'gate': None, 'delay': 11, 'scheduled': '2025-05-02T06:30:00+00:00', 'estimated': '2025-05-02T06:30:00+00:00', 'actual': None, 'estimated_runway': None, 'actual_runway': None}","{'airport': 'Orly', 'timezone': 'Europe/Paris', 'iata': 'ORY', 'icao': 'LFPO', 'terminal': None, 'gate': None, 'baggage': None, 'scheduled': '2025-05-02T07:52:00+00:00', 'delay': None, 'estimated': None, 'actual': None, 'estimated_runway': None, 'actual_runway': None}","{'name': 'Air France', 'iata': 'AF', 'icao': 'AFR'}","{'number': None, 'iata': 'AF', 'icao': 'AFR', 'codeshared': None}",,
2025-05-02,scheduled,"{'airport': 'Heydar Aliyev International (Bina International)', 'timezone': 'Asia/Baku', 'iata': 'GYD', 'icao': 'UBBB', 'terminal': None, 'gate': None, 'delay': None, 'scheduled': '2025-05-02T06:00:00+00:00', 'estimated': '2025-05-02T06:00:00+00:00', 'actual': None, 'estimated_runway': None, 'actual_runway': None}","{'airport': 'Hong Kong International', 'timezone': 'Asia/Hong_Kong', 'iata': 'HKG', 'icao': 'VHHH', 'terminal': None, 'gate': None, 'baggage': None, 'scheduled': '2025-05-02T17:37:00+00:00', 'delay': None, 'estimated': None, 'actual': None, 'estimated_runway': None, 'actual_runway': None}","{'name': 'Silk Way West', 'iata': '7L', 'icao': 'AZG'}","{'number': '691', 'iata': '7L691', 'icao': 'AZG691', 'codeshared': None}",,
2025-05-02,scheduled,"{'airport': 'Norfolk International Airport', 'timezone': 'America/New_York', 'iata': 'ORF', 'icao': 'KORF', 'terminal': None, 'gate': None, 'delay': 17, 'scheduled': '2025-05-02T00:50:00+00:00', 'estimated': '2025-05-02T00:50:00+00:00', 'actual': None, 'estimated_runway': None, 'actual_runway': None}","{'airport': None, 'timezone': None, 'iata': 'QQY', 'icao': 'KBUY', 'terminal': None, 'gate': None, 'baggage': None, 'scheduled': '2025-05-02T01:56:00+00:00', 'delay': None, 'estimated': None, 'actual': None, 'estimated_runway': None, 'actual_runway': None}","{'name': 'LabCorp', 'iata': 'SKQ', 'icao': 'SKQ'}","{'number': '69', 'iata': 'SKQ69', 'icao': 'SKQ69', 'codeshared': None}",,
2025-05-02,scheduled,"{'airport': 'Monto', 'timezone': 'Australia/Brisbane', 'iata': 'MNQ', 'icao': 'YMTO', 'terminal': None, 'gate': None, 'delay': None, 'scheduled': '2025-05-02T09:00:00+00:00', 'estimated': '2025-05-02T09:00:00+00:00', 'actual': None, 'estimated_runway': None, 'actual_runway': None}","{'airport': 'Rockhampton', 'timezone': 'Australia/Brisbane', 'iata': 'ROK', 'icao': 'YBRK', 'terminal': None, 'gate': None, 'baggage': None, 'scheduled': '2025-05-02T09:30:00+00:00', 'delay': None, 'estimated': None, 'actual': None, 'estimated_runway': None, 'actual_runway': None}","{'name': 'empty', 'iata': None, 'icao': None}","{'number': None, 'iata': None, 'icao': None, 'codeshared': None}",,
2025-05-02,scheduled,"{'airport': 'Cairns', 'timezone': 'Australia/Brisbane', 'iata': 'CNS', 'icao': 'YBCS', 'terminal': None, 'gate': None, 'delay': None, 'scheduled': '2025-05-02T12:00:00+00:00', 'estimated': '2025-05-02T12:00:00+00:00', 'actual': None, 'estimated_runway': None, 'actual_runway': None}","{'airport': 'Rockhampton', 'timezone': 'Australia/Brisbane', 'iata': 'ROK', 'icao': 'YBRK', 'terminal': None, 'gate': None, 'baggage': None, 'scheduled': '2025-05-02T13:52:00+00:00', 'delay': None, 'estimated': None, 'actual': None, 'estimated_runway': None, 'actual_runway': None}","{'name': 'Skytrans', 'iata': 'Q6', 'icao': 'SKP'}","{'number': '542', 'iata': 'Q6542', 'icao': 'SKP542', 'codeshared': None}",,
2025-05-02,active,"{'airport': 'Rockhampton', 'timezone': 'Australia/Brisbane', 'iata': 'ROK', 'icao': 'YBRK', 'terminal': None, 'gate': None, 'delay': None, 'scheduled': '2025-05-02T08:45:00+00:00', 'estimated': '2025-05-02T08:45:00+00:00', 'actual': None, 'estimated_runway': None, 'actual_runway': None}","{'airport': 'Cairns', 'timezone': 'Australia/Brisbane', 'iata': 'CNS', 'icao': 'YBCS', 'terminal': None, 'gate': None, 'baggage': None, 'scheduled': '2025-05-02T11:03:00+00:00', 'delay': None, 'estimated': None, 'actual': None, 'estimated_runway': None, 'actual_runway': None}","{'name': 'Skytrans', 'iata': 'Q6', 'icao': 'SKP'}","{'number': '541', 'iata': 'Q6541', 'icao': 'SKP541', 'codeshared': None}",,
2025-05-02,scheduled,"{'airport': 'Perth International', 'timezone': 'Australia/Perth', 'iata': 'PER', 'icao': 'YPPH', 'terminal': None, 'gate': None, 'delay': None, 'scheduled': '2025-05-02T06:30:00+00:00', 'estimated': '2025-05-02T06:30:00+00:00', 'actual': None, 'estimated_runway': None, 'actual_runway': None}","{'airport': 'Kalgoorlie', 'timezone': 'Australia/Perth', 'iata': 'KGI', 'icao': 'YPKG', 'terminal': None, 'gate': None, 'baggage': None, 'scheduled': '2025-05-02T07:19:00+00:00', 'delay': None, 'estimated': None, 'actual': None, 'estimated_runway': None, 'actual_runway': None}","{'name': 'QantasLink', 'iata': None, 'icao': 'QLK'}","{'number': '7840', 'iata': None, 'icao': 'QLK7840', 'codeshared': None}",,
2025-05-02,scheduled,"{'airport': 'Kalgoorlie', 'timezone': 'Australia/Perth', 'iata': 'KGI', 'icao': 'YPKG', 'terminal': None, 'gate': None, 'delay': None, 'scheduled': '2025-05-02T13:00:00+00:00', 'estimated': '2025-05-02T13:00:00+00:00', 'actual': None, 'estimated_runway': None, 'actual_runway': None}","{'airport': 'Southern Cross', 'timezone': 'Australia/Perth', 'iata': 'SQC', 'icao': 'YSCR', 'terminal': None, 'gate': None, 'baggage': None, 'scheduled': '2025-05-02T13:53:00+00:00', 'delay': None, 'estimated': None, 'actual': None, 'estimated_runway': None, 'actual_runway': None}","{'name': 'empty', 'iata': None, 'icao': None}","{'number': None, 'iata': None, 'icao': None, 'codeshared': None}",,
2025-05-02,scheduled,"{'airport': 'Haneda Airport', 'timezone': 'Asia/Tokyo', 'iata': 'HND', 'icao': 'RJTT', 'terminal': '1', 'gate': '8', 'delay': None, 'scheduled': '2025-05-02T07:05:00+00:00', 'estimated': '2025-05-02T07:05:00+00:00', 'actual': None, 'estimated_runway': None, 'actual_runway': None}","{'airport': 'Tokushima', 'timezone': 'Asia/Tokyo', 'iata': 'TKS', 'icao': 'RJOS', 'terminal': '1', 'gate': None, 'baggage': None, 'scheduled': '2025-05-02T08:15:00+00:00', 'delay': None, 'estimated': None, 'actual': None, 'estimated_runway': None, 'actual_runway': None}","{'name': 'Japan Airlines', 'iata': 'JL', 'icao': 'JAL'}","{'number': '453', 'iata': 'JL453', 'icao': 'JAL453', 'codeshared': None}","{'registration': 'JA622J', 'iata': 'B763', 'icao': 'B763', 'icao24': '86222E'}","{'updated': '2025-05-01T22:37:27+00:00', 'latitude': 35.3468, 'longitude': 137.283, 'altitude': 9745.98, 'direction': 254, 'speed_horizontal': 733.392, 'speed_vertical': 0, 'is_ground': False}"
2025-05-02,cancelled,"{'airport': 'Amami', 'timezone': 'Asia/Tokyo', 'iata': 'ASJ', 'icao': 'RJKA', 'terminal': None, 'gate': 'C', 'delay': None, 'scheduled': '2025-05-02T09:30:00+00:00', 'estimated': '2025-05-02T09:30:00+00:00', 'actual': None, 'estimated_runway': None, 'actual_runway': None}","{'airport': 'Kikaiga Shima', 'timezone': 'Asia/Tokyo', 'iata': 'KKX', 'icao': 'RJKI', 'terminal': None, 'gate': None, 'baggage': None, 'scheduled': '2025-05-02T09:50:00+00:00', 'delay': None, 'estimated': None, 'actual': None, 'estimated_runway': None, 'actual_runway': None}","{'name': 'Japan Airlines', 'iata': 'JL', 'icao': 'JAL'}","{'number': '3831', 'iata': 'JL3831', 'icao': 'JAL3831', 'codeshared': None}",,
2025-05-02,scheduled,"{'airport': 'Sydney Kingsford Smith Airport', 'timezone': 'Australia/Sydney', 'iata': 'SYD', 'icao': 'YSSY', 'terminal': None, 'gate': None, 'delay': None, 'scheduled': '2025-05-02T09:40:00+00:00', 'estimated': '2025-05-02T09:40:00+00:00', 'actual': None, 'estimated_runway': None, 'actual_runway': None}","{'airport': 'Ballina Byron Gateway', 'timezone': 'Australia/Sydney', 'iata': 'BNK', 'icao': 'YBNA', 'terminal': '3', 'gate': None, 'baggage': None, 'scheduled': '2025-05-02T10:41:00+00:00', 'delay': None, 'estimated': None, 'actual': None, 'estimated_runway': None, 'actual_runway': None}","{'name': 'QantasLink', 'iata': None, 'icao': 'QLK'}","{'number': None, 'iata': None, 'icao': 'QLK', 'codeshared': None}",,
2025-05-02,scheduled,"{'airport': 'Norfolk Island', 'timezone': 'Pacific/Norfolk', 'iata': 'NLK', 'icao': 'YSNF', 'terminal': None, 'gate': None, 'delay': None, 'scheduled': '2025-05-02T10:40:00+00:00', 'estimated': '2025-05-02T10:40:00+00:00', 'actual': None, 'estimated_runway': None, 'actual_runway': None}","{'airport': 'Brisbane International', 'timezone': 'Australia/Brisbane', 'iata': 'BNE', 'icao': 'YBBN', 'terminal': 'I', 'gate': None, 'baggage': None, 'scheduled': '2025-05-02T12:18:00+00:00', 'delay': None, 'estimated': None, 'actual': None, 'estimated_runway': None, 'actual_runway': None}","{'name': 'Toll Aviation', 'iata': None, 'icao': 'TFX'}","{'number': '92', 'iata': None, 'icao': 'TFX92', 'codeshared': None}",,
2025-05-02,scheduled,"{'airport': 'Adelaide International Airport', 'timezone': 'Australia/Adelaide', 'iata': 'ADL', 'icao': 'YPAD', 'terminal': '1', 'gate': '24', 'delay': None, 'scheduled': '2025-05-02T09:10:00+00:00', 'estimated': '2025-05-02T09:10:00+00:00', 'actual': None, 'estimated_runway': None, 'actual_runway': None}","{'airport': 'Brisbane International', 'timezone': 'Australia/Brisbane', 'iata': 'BNE', 'icao': 'YBBN', 'terminal': 'D', 'gate': None, 'baggage': 'D03', 'scheduled': '2025-05-02T12:05:00+00:00', 'delay': None, 'estimated': None, 'actual': None, 'estimated_runway': None, 'actual_runway': None}","{'name': 'QantasLink', 'iata': None, 'icao': 'QLK'}","{'number': '1928', 'iata': None, 'icao': 'QLK1928', 'codeshared': None}",,
2025-05-02,scheduled,"{'airport': 'Cairns', 'timezone': 'Australia/Brisbane', 'iata': 'CNS', 'icao': 'YBCS', 'terminal': '2', 'gate': '22', 'delay': None, 'scheduled': '2025-05-02T09:20:00+00:00', 'estimated': '2025-05-02T09:20:00+00:00', 'actual': None, 'estimated_runway': None, 'actual_runway': None}","{'airport': 'Brisbane International', 'timezone': 'Australia/Brisbane', 'iata': 'BNE', 'icao': 'YBBN', 'terminal': 'D', 'gate': '19', 'baggage': 'D03', 'scheduled': '2025-05-02T11:30:00+00:00', 'delay': None, 'estimated': None, 'actual': None, 'estimated_runway': None, 'actual_runway': None}","{'name': 'QantasLink', 'iata': None, 'icao': 'QLK'}","{'number': '1881', 'iata': None, 'icao': 'QLK1881', 'codeshared': None}",,
2025-05-02,scheduled,"{'airport': 'Brisbane International', 'timezone': 'Australia/Brisbane', 'iata': 'BNE', 'icao': 'YBBN', 'terminal': None, 'gate': None, 'delay': None, 'scheduled': '2025-05-02T10:40:00+00:00', 'estimated': '2025-05-02T10:40:00+00:00', 'actual': None, 'estimated_runway': None, 'actual_runway': None}","{'airport': 'Moranbah', 'timezone': 'Australia/Brisbane', 'iata': 'MOV', 'icao': 'YMRB', 'terminal': None, 'gate': None, 'baggage': None, 'scheduled': '2025-05-02T12:17:00+00:00', 'delay': None, 'estimated': None, 'actual': None, 'estimated_runway': None, 'actual_runway': None}","{'name': 'QantasLink', 'iata': None, 'icao': 'QLK'}","{'number': None, 'iata': None, 'icao': 'QLK', 'codeshared': None}",,
2025-05-02,scheduled,"{'airport': 'Brisbane International', 'timezone': 'Australia/Brisbane', 'iata': 'BNE', 'icao': 'YBBN', 'terminal': 'D', 'gate': '21', 'delay': None, 'scheduled': '2025-05-02T09:45:00+00:00', 'estimated': '2025-05-02T09:45:00+00:00', 'actual': None, 'estimated_runway': None, 'actual_runway': None}","{'airport': 'Adelaide International Airport', 'timezone': 'Australia/Adelaide', 'iata': 'ADL', 'icao': 'YPAD', 'terminal': '1', 'gate': '20', 'baggage': None, 'scheduled': '2025-05-02T12:05:00+00:00', 'delay': None, 'estimated': None, 'actual': None, 'estimated_runway': None, 'actual_runway': None}","{'name': 'QantasLink', 'iata': None, 'icao': 'QLK'}","{'number': '1933', 'iata': None, 'icao': 'QLK1933', 'codeshared': None}",,
2025-05-02,active,"{'airport': 'Brisbane International', 'timezone': 'Australia/Brisbane', 'iata': 'BNE', 'icao': 'YBBN', 'terminal': None, 'gate': None, 'delay': None, 'scheduled': '2025-05-02T09:05:00+00:00', 'estimated': '2025-05-02T09:05:00+00:00', 'actual': None, 'estimated_runway': None, 'actual_runway': None}","{'airport': 'Cooma', 'timezone': 'Australia/Sydney', 'iata': 'OOM', 'icao': 'YCOM', 'terminal': None, 'gate': None, 'baggage': None, 'scheduled': '2025-05-02T10:52:00+00:00', 'delay': None, 'estimated': None, 'actual': None, 'estimated_runway': None, 'actual_runway': None}","{'name': 'National Jet Express', 'iata': 'WO', 'icao': 'JTE'}","{'number': '922', 'iata': 'WO922', 'icao': 'JTE922', 'codeshared': None}",,
2025-05-02,active,"{'airport': 'Brisbane International', 'timezone': 'Australia/Brisbane', 'iata': 'BNE', 'icao': 'YBBN', 'terminal': 'D', 'gate': '44A', 'delay': None, 'scheduled': '2025-05-02T09:05:00+00:00', 'estimated': '2025-05-02T09:05:00+00:00', 'actual': None, 'estimated_runway': None, 'actual_runway': None}","{'airport': 'Sydney Kingsford Smith Airport', 'timezone': 'Australia/Sydney', 'iata': 'SYD', 'icao': 'YSSY', 'terminal': '2', 'gate': 'A35', 'baggage': 'D2', 'scheduled': '2025-05-02T10:40:00+00:00', 'delay': None, 'estimated': None, 'actual': None, 'estimated_runway': None, 'actual_runway': None}","{'name': 'United Airlines', 'iata': 'UA', 'icao': 'UAL'}","{'number': '7441', 'iata': 'UA7441', 'icao': 'UAL7441', 'codeshared': {'airline_name': 'virgin australia', 'airline_iata': 'va', 'airline_icao': 'voz', 'flight_number': '932', 'flight_iata': 'va932', 'flight_icao': 'voz932'}}",,
2025-05-02,active,"{'airport': 'Brisbane International', 'timezone': 'Australia/Brisbane', 'iata': 'BNE', 'icao': 'YBBN', 'terminal': 'D', 'gate': '44A', 'delay': None, 'scheduled': '2025-05-02T09:05:00+00:00', 'estimated': '2025-05-02T09:05:00+00:00', 'actual': None, 'estimated_runway': None, 'actual_runway': None}","{'airport': 'Sydney Kingsford Smith Airport', 'timezone': 'Australia/Sydney', 'iata': 'SYD', 'icao': 'YSSY', 'terminal': '2', 'gate': 'A35', 'baggage': 'D2', 'scheduled': '2025-05-02T10:40:00+00:00', 'delay': None, 'estimated': None, 'actual': None, 'estimated_runway': None, 'actual_runway': None}","{'name': 'Singapore Airlines', 'iata': 'SQ', 'icao': 'SIA'}","{'number': '6699', 'iata': 'SQ6699', 'icao': 'SIA6699', 'codeshared': {'airline_name': 'virgin australia', 'airline_iata': 'va', 'airline_icao': 'voz', 'flight_number': '932', 'flight_iata': 'va932', 'flight_icao': 'voz932'}}",,
2025-05-02,active,"{'airport': 'Brisbane International', 'timezone': 'Australia/Brisbane', 'iata': 'BNE', 'icao': 'YBBN', 'terminal': 'D', 'gate': '44A', 'delay': None, 'scheduled': '2025-05-02T09:05:00+00:00', 'estimated': '2025-05-02T09:05:00+00:00', 'actual': None, 'estimated_runway': None, 'actual_runway': None}","{'airport': 'Sydney Kingsford Smith Airport', 'timezone': 'Australia/Sydney', 'iata': 'SYD', 'icao': 'YSSY', 'terminal': '2', 'gate': 'A35', 'baggage': 'D2', 'scheduled': '2025-05-02T10:40:00+00:00', 'delay': None, 'estimated': None, 'actual': None, 'estimated_runway': None, 'actual_runway': None}","{'name': 'Hawaiian Airlines', 'iata': 'HA', 'icao': 'HAL'}","{'number': '4060', 'iata': 'HA4060', 'icao': 'HAL4060', 'codeshared': {'airline_name': 'virgin australia', 'airline_iata': 'va', 'airline_icao': 'voz', 'flight_number': '932', 'flight_iata': 'va932', 'flight_icao': 'voz932'}}",,
2025-05-02,active,"{'airport': 'Brisbane International', 'timezone': 'Australia/Brisbane', 'iata': 'BNE', 'icao': 'YBBN', 'terminal': 'D', 'gate': '44A', 'delay': None, 'scheduled': '2025-05-02T09:05:00+00:00', 'estimated': '2025-05-02T09:05:00+00:00', 'actual': None, 'estimated_runway': None, 'actual_runway': None}","{'airport': 'Sydney Kingsford Smith Airport', 'timezone': 'Australia/Sydney', 'iata': 'SYD', 'icao': 'YSSY', 'terminal': '2', 'gate': 'A35', 'baggage': 'D2', 'scheduled': '2025-05-02T10:40:00+00:00', 'delay': None, 'estimated': None, 'actual': None, 'estimated_runway': None, 'actual_runway': None}","{'name': 'Etihad Airways', 'iata': 'EY', 'icao': 'ETD'}","{'number': '6555', 'iata': 'EY6555', 'icao': 'ETD6555', 'codeshared': {'airline_name': 'virgin australia', 'airline_iata': 'va', 'airline_icao': 'voz', 'flight_number': '932', 'flight_iata': 'va932', 'flight_icao': 'voz932'}}",,
2025-05-02,active,"{'airport': 'Brisbane International', 'timezone': 'Australia/Brisbane', 'iata': 'BNE', 'icao': 'YBBN', 'terminal': 'D', 'gate': '44A', 'delay': None, 'scheduled': '2025-05-02T09:05:00+00:00', 'estimated': '2025-05-02T09:05:00+00:00', 'actual': None, 'estimated_runway': None, 'actual_runway': None}","{'airport': 'Sydney Kingsford Smith Airport', 'timezone': 'Australia/Sydney', 'iata': 'SYD', 'icao': 'YSSY', 'terminal': '2', 'gate': 'A35', 'baggage': 'D2', 'scheduled': '2025-05-02T10:40:00+00:00', 'delay': None, 'estimated': None, 'actual': None, 'estimated_runway': None, 'actual_runway': None}","{'name': 'Air Canada', 'iata': 'AC', 'icao': 'ACA'}","{'number': '2804', 'iata': 'AC2804', 'icao': 'ACA2804', 'codeshared': {'airline_name': 'virgin australia', 'airline_iata': 'va', 'airline_icao': 'voz', 'flight_number': '932', 'flight_iata': 'va932', 'flight_icao': 'voz932'}}",,
2025-05-02,active,"{'airport': 'Brisbane International', 'timezone': 'Australia/Brisbane', 'iata': 'BNE', 'icao': 'YBBN', 'terminal': 'D', 'gate': '24', 'delay': None, 'scheduled': '2025-05-02T09:00:00+00:00', 'estimated': '2025-05-02T09:00:00+00:00', 'actual': None, 'estimated_runway': None, 'actual_runway': None}","{'airport': 'Melbourne - Tullamarine Airport', 'timezone': 'Australia/Melbourne', 'iata': 'MEL', 'icao': 'YMML', 'terminal': '1', 'gate': None, 'baggage': None, 'scheduled': '2025-05-02T11:25:00+00:00', 'delay': None, 'estimated': None, 'actual': None, 'estimated_runway': None, 'actual_runway': None}","{'name': 'IndiGo', 'iata': '6E', 'icao': 'IGO'}","{'number': '4828', 'iata': '6E4828', 'icao': 'IGO4828', 'codeshared': {'airline_name': 'qantas', 'airline_iata': 'qf', 'airline_icao': 'qfa', 'flight_number': '613', 'flight_iata': 'qf613', 'flight_icao': 'qfa613'}}",,
2025-05-02,active,"{'airport': 'Brisbane International', 'timezone': 'Australia/Brisbane', 'iata': 'BNE', 'icao': 'YBBN', 'terminal': 'D', 'gate': '24', 'delay': None, 'scheduled': '2025-05-02T09:00:00+00:00', 'estimated': '2025-05-02T09:00:00+00:00', 'actual': None, 'estimated_runway': None, 'actual_runway': None}","{'airport': 'Melbourne - Tullamarine Airport', 'timezone': 'Australia/Melbourne', 'iata': 'MEL', 'icao': 'YMML', 'terminal': '1', 'gate': None, 'baggage': None, 'scheduled': '2025-05-02T11:25:00+00:00', 'delay': None, 'estimated': None, 'actual': None, 'estimated_runway': None, 'actual_runway': None}","{'name': 'Cathay Pacific', 'iata': 'CX', 'icao': 'CPA'}","{'number': '9086', 'iata': 'CX9086', 'icao': 'CPA9086', 'codeshared': {'airline_name': 'qantas', 'airline_iata': 'qf', 'airline_icao': 'qfa', 'flight_number': '613', 'flight_iata': 'qf613', 'flight_icao': 'qfa613'}}",,
2025-05-02,active,"{'airport': 'Brisbane International', 'timezone': 'Australia/Brisbane', 'iata': 'BNE', 'icao': 'YBBN', 'terminal': 'D', 'gate': '24', 'delay': None, 'scheduled': '2025-05-02T09:00:00+00:00', 'estimated': '2025-05-02T09:00:00+00:00', 'actual': None, 'estimated_runway': None, 'actual_runway': None}","{'airport': 'Melbourne - Tullamarine Airport', 'timezone': 'Australia/Melbourne', 'iata': 'MEL', 'icao': 'YMML', 'terminal': '1', 'gate': None, 'baggage': None, 'scheduled': '2025-05-02T11:25:00+00:00', 'delay': None, 'estimated': None, 'actual': None, 'estimated_runway': None, 'actual_runway': None}","{'name': 'Air New Zealand', 'iata': 'NZ', 'icao': 'ANZ'}","{'number': '7613', 'iata': 'NZ7613', 'icao': 'ANZ7613', 'codeshared': {'airline_name': 'qantas', 'airline_iata': 'qf', 'airline_icao': 'qfa', 'flight_number': '613', 'flight_iata': 'qf613', 'flight_icao': 'qfa613'}}",,
2025-05-02,active,"{'airport': 'Brisbane International', 'timezone': 'Australia/Brisbane', 'iata': 'BNE', 'icao': 'YBBN', 'terminal': 'D', 'gate': '24', 'delay': None, 'scheduled': '2025-05-02T09:00:00+00:00', 'estimated': '2025-05-02T09:00:00+00:00', 'actual': None, 'estimated_runway': None, 'actual_runway': None}","{'airport': 'Melbourne - Tullamarine Airport', 'timezone': 'Australia/Melbourne', 'iata': 'MEL', 'icao': 'YMML', 'terminal': '1', 'gate': None, 'baggage': None, 'scheduled': '2025-05-02T11:25:00+00:00', 'delay': None, 'estimated': None, 'actual': None, 'estimated_runway': None, 'actual_runway': None}","{'name': 'Emirates', 'iata': 'EK', 'icao': 'UAE'}","{'number': '5613', 'iata': 'EK5613', 'icao': 'UAE5613', 'codeshared': {'airline_name': 'qantas', 'airline_iata': 'qf', 'airline_icao': 'qfa', 'flight_number': '613', 'flight_iata': 'qf613', 'flight_icao': 'qfa613'}}",,
2025-05-02,active,"{'airport': 'Brisbane International', 'timezone': 'Australia/Brisbane', 'iata': 'BNE', 'icao': 'YBBN', 'terminal': 'D', 'gate': '47', 'delay': None, 'scheduled': '2025-05-02T08:55:00+00:00', 'estimated': '2025-05-02T08:55:00+00:00', 'actual': None, 'estimated_runway': None, 'actual_runway': None}","{'airport': 'Melbourne - Tullamarine Airport', 'timezone': 'Australia/Melbourne', 'iata': 'MEL', 'icao': 'YMML', 'terminal': '3', 'gate': '7', 'baggage': None, 'scheduled': '2025-05-02T11:20:00+00:00', 'delay': None, 'estimated': None, 'actual': None, 'estimated_runway': None, 'actual_runway': None}","{'name': 'United Airlines', 'iata': 'UA', 'icao': 'UAL'}","{'number': '7415', 'iata': 'UA7415', 'icao': 'UAL7415', 'codeshared': {'airline_name': 'virgin australia', 'airline_iata': 'va', 'airline_icao': 'voz', 'flight_number': '318', 'flight_iata': 'va318', 'flight_icao': 'voz318'}}",,
2025-05-02,active,"{'airport': 'Brisbane International', 'timezone': 'Australia/Brisbane', 'iata': 'BNE', 'icao': 'YBBN', 'terminal': 'D', 'gate': '47', 'delay': None, 'scheduled': '2025-05-02T08:55:00+00:00', 'estimated': '2025-05-02T08:55:00+00:00', 'actual': None, 'estimated_runway': None, 'actual_runway': None}","{'airport': 'Melbourne - Tullamarine Airport', 'timezone': 'Australia/Melbourne', 'iata': 'MEL', 'icao': 'YMML', 'terminal': '3', 'gate': '7', 'baggage': None, 'scheduled': '2025-05-02T11:20:00+00:00', 'delay': None, 'estimated': None, 'actual': None, 'estimated_runway': None, 'actual_runway': None}","{'name': 'Singapore Airlines', 'iata': 'SQ', 'icao': 'SIA'}","{'number': '6910', 'iata': 'SQ6910', 'icao': 'SIA6910', 'codeshared': {'airline_name': 'virgin australia', 'airline_iata': 'va', 'airline_icao': 'voz', 'flight_number': '318', 'flight_iata': 'va318', 'flight_icao': 'voz318'}}",,
2025-05-02,active,"{'airport': 'Brisbane International', 'timezone': 'Australia/Brisbane', 'iata': 'BNE', 'icao': 'YBBN', 'terminal': 'D', 'gate': '5', 'delay': 4, 'scheduled': '2025-05-02T08:30:00+00:00', 'estimated': '2025-05-02T08:30:00+00:00', 'actual': '2025-05-02T08:33:00+00:00', 'estimated_runway': '2025-05-02T08:33:00+00:00', 'actual_runway': '2025-05-02T08:33:00+00:00'}","{'airport': 'Cooma', 'timezone': 'Australia/Sydney', 'iata': 'OOM', 'icao': 'YCOM', 'terminal': None, 'gate': None, 'baggage': None, 'scheduled': '2025-05-02T10:50:00+00:00', 'delay': None, 'estimated': None, 'actual': None, 'estimated_runway': None, 'actual_runway': None}","{'name': 'QantasLink', 'iata': None, 'icao': 'QLK'}","{'number': '2863', 'iata': None, 'icao': 'QLK2863', 'codeshared': None}",,
2025-05-02,active,"{'airport': 'Brisbane International', 'timezone': 'Australia/Brisbane', 'iata': 'BNE', 'icao': 'YBBN', 'terminal': 'D', 'gate': '2', 'delay': None, 'scheduled': '2025-05-02T08:25:00+00:00', 'estimated': '2025-05-02T08:25:00+00:00', 'actual': None, 'estimated_runway': None, 'actual_runway': None}","{'airport': 'Rockhampton', 'timezone': 'Australia/Brisbane', 'iata': 'ROK', 'icao': 'YBRK', 'terminal': None, 'gate': None, 'baggage': None, 'scheduled': '2025-05-02T09:50:00+00:00', 'delay': None, 'estimated': None, 'actual': None, 'estimated_runway': None, 'actual_runway': None}","{'name': 'QantasLink', 'iata': None, 'icao': 'QLK'}","{'number': '2360', 'iata': None, 'icao': 'QLK2360', 'codeshared': None}",,
2025-05-02,active,"{'airport': 'Brisbane International', 'timezone': 'Australia/Brisbane', 'iata': 'BNE', 'icao': 'YBBN', 'terminal': None, 'gate': None, 'delay': None, 'scheduled': '2025-05-02T08:15:00+00:00', 'estimated': '2025-05-02T08:15:00+00:00', 'actual': None, 'estimated_runway': None, 'actual_runway': None}","{'airport': 'Kingaroy', 'timezone': 'Australia/Brisbane', 'iata': 'KGY', 'icao': 'YKRY', 'terminal': None, 'gate': None, 'baggage': None, 'scheduled': '2025-05-02T08:38:00+00:00', 'delay': None, 'estimated': None, 'actual': None, 'estimated_runway': None, 'actual_runway': None}","{'name': 'Thai AirAsia', 'iata': 'FD', 'icao': 'AIQ'}","{'number': '416', 'iata': 'FD416', 'icao': 'AIQ416', 'codeshared': None}",,
2025-05-02,scheduled,"{'airport': 'Halle', 'timezone': 'Europe/Berlin', 'iata': 'LEJ', 'icao': 'EDDP', 'terminal': None, 'gate': None, 'delay': None, 'scheduled': '2025-05-02T04:35:00+00:00', 'estimated': '2025-05-02T04:35:00+00:00', 'actual': None, 'estimated_runway': None, 'actual_runway': None}","{'airport': 'Henri Coanda International', 'timezone': 'Europe/Bucharest', 'iata': 'OTP', 'icao': 'LROP', 'terminal': '2', 'gate': None, 'baggage': None, 'scheduled': '2025-05-02T07:35:00+00:00', 'delay': None, 'estimated': None, 'actual': None, 'estimated_runway': None, 'actual_runway': None}","{'name': 'DHL Air', 'iata': 'D0', 'icao': 'DHK'}","{'number': '5706', 'iata': 'D05706', 'icao': 'DHK5706', 'codeshared': None}",,
2025-05-02,scheduled,"{'airport': 'Kidjang', 'timezone': 'Asia/Jakarta', 'iata': 'TNJ', 'icao': 'WIDN', 'terminal': None, 'gate': None, 'delay': None, 'scheduled': '2025-05-02T11:45:00+00:00', 'estimated': '2025-05-02T11:45:00+00:00', 'actual': None, 'estimated_runway': None, 'actual_runway': None}","{'airport': 'Soekarno-Hatta International', 'timezone': 'Asia/Jakarta', 'iata': 'CGK', 'icao': 'WIII', 'terminal': None, 'gate': None, 'baggage': None, 'scheduled': '2025-05-02T13:25:00+00:00', 'delay': None, 'estimated': None, 'actual': None, 'estimated_runway': None, 'actual_runway': None}","{'name': 'Batik Air', 'iata': 'ID', 'icao': 'BTK'}","{'number': '6825', 'iata': 'ID6825', 'icao': 'BTK6825', 'codeshared': None}",,
2025-05-02,scheduled,"{'airport': 'Fuzhou', 'timezone': 'Asia/Shanghai', 'iata': 'FOC', 'icao': 'ZSFZ', 'terminal': None, 'gate': '33', 'delay': None, 'scheduled': '2025-05-02T08:35:00+00:00', 'estimated': '2025-05-02T08:35:00+00:00', 'actual': None, 'estimated_runway': None, 'actual_runway': None}","{'airport': 'Kansai International', 'timezone': 'Asia/Tokyo', 'iata': 'KIX', 'icao': 'RJBB', 'terminal': '1', 'gate': None, 'baggage': None, 'scheduled': '2025-05-02T12:20:00+00:00', 'delay': None, 'estimated': None, 'actual': None, 'estimated_runway': None, 'actual_runway': None}","{'name': 'Japan Airlines', 'iata': 'JL', 'icao': 'JTL'}","{'number': '5056', 'iata': 'JL5056', 'icao': 'JTL5056', 'codeshared': {'airline_name': 'xiamen airlines', 'airline_iata': 'mf', 'airline_icao': 'cxa', 'flight_number': '835', 'flight_iata': 'mf835', 'flight_icao': 'cxa835'}}",,
2025-05-02,active,"{'airport': 'Tan Son Nhat International', 'timezone': 'Asia/Ho_Chi_Minh', 'iata': 'SGN', 'icao': 'VVTS', 'terminal': '1', 'gate': None, 'delay': 12, 'scheduled': '2025-05-02T05:00:00+00:00', 'estimated': '2025-05-02T05:00:00+00:00', 'actual': '2025-05-02T05:12:00+00:00', 'estimated_runway': '2025-05-02T05:12:00+00:00', 'actual_runway': '2025-05-02T05:12:00+00:00'}","{'airport': 'Noibai International', 'timezone': 'Asia/Ho_Chi_Minh', 'iata': 'HAN', 'icao': 'VVNB', 'terminal': 'T1', 'gate': None, 'baggage': None, 'scheduled': '2025-05-02T07:10:00+00:00', 'delay': None, 'estimated': '2025-05-02T06:57:00+00:00', 'actual': None, 'estimated_runway': None, 'actual_runway': None}","{'name': 'Freebird Airlines', 'iata': 'FH', 'icao': 'FHY'}","{'number': '1198', 'iata': 'FH1198', 'icao': 'FHY1198', 'codeshared': None}",,
2025-05-02,scheduled,"{'airport': 'Noibai International', 'timezone': 'Asia/Ho_Chi_Minh', 'iata': 'HAN', 'icao': 'VVNB', 'terminal': 'T1', 'gate': None, 'delay': None, 'scheduled': '2025-05-02T09:00:00+00:00', 'estimated': '2025-05-02T09:00:00+00:00', 'actual': None, 'estimated_runway': None, 'actual_runway': None}","{'airport': 'Tan Son Nhat International', 'timezone': 'Asia/Ho_Chi_Minh', 'iata': 'SGN', 'icao': 'VVTS', 'terminal': '3', 'gate': None, 'baggage': None, 'scheduled': '2025-05-02T11:10:00+00:00', 'delay': None, 'estimated': None, 'actual': None, 'estimated_runway': None, 'actual_runway': None}","{'name': 'Cambodia Angkor Air', 'iata': 'K6', 'icao': 'KHV'}","{'number': '3209', 'iata': 'K63209', 'icao': 'KHV3209', 'codeshared': {'airline_name': 'vietnam airlines', 'airline_iata': 'vn', 'airline_icao': 'hvn', 'flight_number': '209', 'flight_iata': 'vn209', 'flight_icao': 'hvn209'}}",,
2025-05-02,scheduled,"{'airport': 'Noibai International', 'timezone': 'Asia/Ho_Chi_Minh', 'iata': 'HAN', 'icao': 'VVNB', 'terminal': 'T1', 'gate': None, 'delay': None, 'scheduled': '2025-05-02T09:00:00+00:00', 'estimated': '2025-05-02T09:00:00+00:00', 'actual': None, 'estimated_runway': None, 'actual_runway': None}","{'airport': 'Tan Son Nhat International', 'timezone': 'Asia/Ho_Chi_Minh', 'iata': 'SGN', 'icao': 'VVTS', 'terminal': '3', 'gate': None, 'baggage': None, 'scheduled': '2025-05-02T11:10:00+00:00', 'delay': None, 'estimated': None, 'actual': None, 'estimated_runway': None, 'actual_runway': None}","{'name': 'Air France', 'iata': 'AF', 'icao': 'AFR'}","{'number': '3304', 'iata': 'AF3304', 'icao': 'AFR3304', 'codeshared': {'airline_name': 'vietnam airlines', 'airline_iata': 'vn', 'airline_icao': 'hvn', 'flight_number': '209', 'flight_iata': 'vn209', 'flight_icao': 'hvn209'}}",,
2025-05-02,scheduled,"{'airport': 'Sydney Kingsford Smith Airport', 'timezone': 'Australia/Sydney', 'iata': 'SYD', 'icao': 'YSSY', 'terminal': None, 'gate': None, 'delay': None, 'scheduled': '2025-05-02T09:15:00+00:00', 'estimated': '2025-05-02T09:15:00+00:00', 'actual': None, 'estimated_runway': None, 'actual_runway': None}","{'airport': 'Tamworth Regional Airport', 'timezone': 'Australia/Sydney', 'iata': 'TMW', 'icao': 'YSTW', 'terminal': None, 'gate': None, 'baggage': None, 'scheduled': '2025-05-02T09:51:00+00:00', 'delay': None, 'estimated': None, 'actual': None, 'estimated_runway': None, 'actual_runway': None}","{'name': 'empty', 'iata': None, 'icao': None}","{'number': None, 'iata': None, 'icao': None, 'codeshared': None}",,
2025-05-02,scheduled,"{'airport': 'Tamworth Regional Airport', 'timezone': 'Australia/Sydney', 'iata': 'TMW', 'icao': 'YSTW', 'terminal': None, 'gate': None, 'delay': None, 'scheduled': '2025-05-02T11:00:00+00:00', 'estimated': '2025-05-02T11:00:00+00:00', 'actual': None, 'estimated_runway': None, 'actual_runway': None}","{'airport': 'Sydney Kingsford Smith Airport', 'timezone': 'Australia/Sydney', 'iata': 'SYD', 'icao': 'YSSY', 'terminal': None, 'gate': None, 'baggage': None, 'scheduled': '2025-05-02T11:34:00+00:00', 'delay': None, 'estimated': None, 'actual': None, 'estimated_runway': None, 'actual_runway': None}","{'name': 'empty', 'iata': None, 'icao': None}","{'number': None, 'iata': None, 'icao': None, 'codeshared': None}",,
2025-05-02,scheduled,"{'airport': 'Liege Airport', 'timezone': 'Europe/Brussels', 'iata': 'LGG', 'icao': 'EBLG', 'terminal': None, 'gate': None, 'delay': 15, 'scheduled': '2025-05-02T03:30:00+00:00', 'estimated': '2025-05-02T03:30:00+00:00', 'actual': None, 'estimated_runway': None, 'actual_runway': None}","{'airport': 'Hanover Airport', 'timezone': 'Europe/Berlin', 'iata': 'HAJ', 'icao': 'EDDV', 'terminal': 'A', 'gate': None, 'baggage': None, 'scheduled': '2025-05-02T04:45:00+00:00', 'delay': None, 'estimated': None, 'actual': None, 'estimated_runway': None, 'actual_runway': None}","{'name': 'FedEx', 'iata': 'FX', 'icao': 'FDX'}","{'number': '4546', 'iata': 'FX4546', 'icao': 'FDX4546', 'codeshared': None}",,
2025-05-02,scheduled,"{'airport': 'Perth International', 'timezone': 'Australia/Perth', 'iata': 'PER', 'icao': 'YPPH', 'terminal': '3', 'gate': '17A', 'delay': None, 'scheduled': '2025-05-02T07:30:00+00:00', 'estimated': '2025-05-02T07:30:00+00:00', 'actual': None, 'estimated_runway': None, 'actual_runway': None}","{'airport': 'Broome', 'timezone': 'Australia/Perth', 'iata': 'BME', 'icao': 'YBRM', 'terminal': None, 'gate': None, 'baggage': None, 'scheduled': '2025-05-02T10:05:00+00:00', 'delay': None, 'estimated': None, 'actual': None, 'estimated_runway': None, 'actual_runway': None}","{'name': 'QantasLink', 'iata': None, 'icao': 'QLK'}","{'number': '1652', 'iata': None, 'icao': 'QLK1652', 'codeshared': None}",,
2025-05-02,scheduled,"{'airport': 'Broome', 'timezone': 'Australia/Perth', 'iata': 'BME', 'icao': 'YBRM', 'terminal': None, 'gate': None, 'delay': None, 'scheduled': '2025-05-02T10:55:00+00:00', 'estimated': '2025-05-02T10:55:00+00:00', 'actual': None, 'estimated_runway': None, 'actual_runway': None}","{'airport': 'Perth International', 'timezone': 'Australia/Perth', 'iata': 'PER', 'icao': 'YPPH', 'terminal': '3', 'gate': '35', 'baggage': None, 'scheduled': '2025-05-02T13:35:00+00:00', 'delay': None, 'estimated': None, 'actual': None, 'estimated_runway': None, 'actual_runway': None}","{'name': 'QantasLink', 'iata': None, 'icao': 'QLK'}","{'number': '1653', 'iata': None, 'icao': 'QLK1653', 'codeshared': None}",,
2025-05-02,scheduled,"{'airport': 'Adelaide International Airport', 'timezone': 'Australia/Adelaide', 'iata': 'ADL', 'icao': 'YPAD', 'terminal': None, 'gate': None, 'delay': 39, 'scheduled': '2025-05-02T07:15:00+00:00', 'estimated': '2025-05-02T07:15:00+00:00', 'actual': '2025-05-02T07:53:00+00:00', 'estimated_runway': '2025-05-02T07:53:00+00:00', 'actual_runway': '2025-05-02T07:53:00+00:00'}","{'airport': 'Mount Gambier', 'timezone': 'Australia/Adelaide', 'iata': 'MGB', 'icao': 'YMTG', 'terminal': None, 'gate': None, 'baggage': None, 'scheduled': '2025-05-02T08:09:00+00:00', 'delay': None, 'estimated': None, 'actual': None, 'estimated_runway': None, 'actual_runway': None}","{'name': 'Thai AirAsia', 'iata': 'FD', 'icao': 'AIQ'}","{'number': '513', 'iata': 'FD513', 'icao': 'AIQ513', 'codeshared': None}","{'registration': 'VH-JDN', 'iata': 'PC12', 'icao': 'PC12', 'icao24': '7C2E09'}","{'updated': '2025-05-01T22:33:35+00:00', 'latitude': -35.1814, 'longitude': 138.872, 'altitude': 4754.88, 'direction': 142, 'speed_horizontal': 307.432, 'speed_vertical': 0, 'is_ground': False}"
2025-05-02,active,"{'airport': 'Novyy', 'timezone': 'Asia/Vladivostok', 'iata': 'KHV', 'icao': 'UHHH', 'terminal': None, 'gate': None, 'delay': None, 'scheduled': '2025-05-02T08:10:00+00:00', 'estimated': '2025-05-02T08:10:00+00:00', 'actual': '2025-05-02T08:09:00+00:00', 'estimated_runway': '2025-05-02T08:09:00+00:00', 'actual_runway': '2025-05-02T08:09:00+00:00'}","{'airport': 'Yuzhno-Sakhalinsk', 'timezone': 'Asia/Sakhalin', 'iata': 'UUS', 'icao': 'UHSS', 'terminal': None, 'gate': None, 'baggage': None, 'scheduled': '2025-05-02T10:30:00+00:00', 'delay': None, 'estimated': None, 'actual': None, 'estimated_runway': None, 'actual_runway': None}","{'name': 'Aurora', 'iata': 'HZ', 'icao': 'SHU'}","{'number': '5626', 'iata': 'HZ5626', 'icao': 'SHU5626', 'codeshared': None}",,
2025-05-02,scheduled,"{'airport': 'Hirara', 'timezone': 'Asia/Tokyo', 'iata': 'MMY', 'icao': 'ROMY', 'terminal': None, 'gate': None, 'delay': None, 'scheduled': '2025-05-02T09:20:00+00:00', 'estimated': '2025-05-02T09:20:00+00:00', 'actual': None, 'estimated_runway': None, 'actual_runway': None}","{'airport': 'Tarama', 'timezone': 'Asia/Tokyo', 'iata': 'TRA', 'icao': 'RORT', 'terminal': None, 'gate': None, 'baggage': None, 'scheduled': '2025-05-02T09:45:00+00:00', 'delay': None, 'estimated': None, 'actual': None, 'estimated_runway': None, 'actual_runway': None}","{'name': 'New Way Cargo Airlines', 'iata': 'NU', 'icao': 'NWY'}","{'number': '891', 'iata': 'NU891', 'icao': 'NWY891', 'codeshared': None}",,
2025-05-02,active,"{'airport': 'Seletar', 'timezone': 'Asia/Singapore', 'iata': 'XSP', 'icao': 'WSSL', 'terminal': None, 'gate': None, 'delay': None, 'scheduled': '2025-05-02T07:30:00+00:00', 'estimated': '2025-05-02T07:30:00+00:00', 'actual': None, 'estimated_runway': None, 'actual_runway': None}","{'airport': 'Brisbane International', 'timezone': 'Australia/Brisbane', 'iata': 'BNE', 'icao': 'YBBN', 'terminal': None, 'gate': None, 'baggage': None, 'scheduled': '2025-05-02T16:41:00+00:00', 'delay': None, 'estimated': None, 'actual': None, 'estimated_runway': None, 'actual_runway': None}","{'name': 'Qantas', 'iata': 'QF', 'icao': 'QFA'}","{'number': '6024', 'iata': 'QF6024', 'icao': 'QFA6024', 'codeshared': None}",,
2025-05-02,scheduled,"{'airport': 'Chhatrapati Shivaji International (Sahar International)', 'timezone': 'Asia/Kolkata', 'iata': 'BOM', 'icao': 'VABB', 'terminal': '2', 'gate': None, 'delay': None, 'scheduled': '2025-05-02T08:40:00+00:00', 'estimated': '2025-05-02T08:40:00+00:00', 'actual': None, 'estimated_runway': None, 'actual_runway': None}","{'airport': 'Borjhar', 'timezone': 'Asia/Kolkata', 'iata': 'GAU', 'icao': 'VEGT', 'terminal': None, 'gate': None, 'baggage': None, 'scheduled': '2025-05-02T11:55:00+00:00', 'delay': None, 'estimated': None, 'actual': None, 'estimated_runway': None, 'actual_runway': None}","{'name': 'Virgin Atlantic', 'iata': 'VS', 'icao': 'VIR'}","{'number': '8541', 'iata': 'VS8541', 'icao': 'VIR8541', 'codeshared': {'airline_name': 'indigo', 'airline_iata': '6e', 'airline_icao': 'igo', 'flight_number': '228', 'flight_iata': '6e228', 'flight_icao': 'igo228'}}",,
2025-05-02,scheduled,"{'airport': 'Chhatrapati Shivaji International (Sahar International)', 'timezone': 'Asia/Kolkata', 'iata': 'BOM', 'icao': 'VABB', 'terminal': '1', 'gate': None, 'delay': None, 'scheduled': '2025-05-02T08:35:00+00:00', 'estimated': '2025-05-02T08:35:00+00:00', 'actual': None, 'estimated_runway': None, 'actual_runway': None}","{'airport': 'Birsa Munda International', 'timezone': 'Asia/Kolkata', 'iata': 'IXR', 'icao': 'VERC', 'terminal': None, 'gate': None, 'baggage': None, 'scheduled': '2025-05-02T11:00:00+00:00', 'delay': None, 'estimated': None, 'actual': None, 'estimated_runway': None, 'actual_runway': None}","{'name': 'Virgin Atlantic', 'iata': 'VS', 'icao': 'VIR'}","{'number': '8580', 'iata': 'VS8580', 'icao': 'VIR8580', 'codeshared': {'airline_name': 'indigo', 'airline_iata': '6e', 'airline_icao': 'igo', 'flight_number': '5281', 'flight_iata': '6e5281', 'flight_icao': 'igo5281'}}",,
2025-05-02,scheduled,"{'airport': 'Suvarnabhumi International', 'timezone': 'Asia/Bangkok', 'iata': 'BKK', 'icao': 'VTBS', 'terminal': None, 'gate': None, 'delay': None, 'scheduled': '2025-05-02T08:25:00+00:00', 'estimated': '2025-05-02T08:25:00+00:00', 'actual': None, 'estimated_runway': None, 'actual_runway': None}","{'airport': 'Taiwan Taoyuan International (Chiang Kai Shek International)', 'timezone': 'Asia/Taipei', 'iata': 'TPE', 'icao': 'RCTP', 'terminal': '1', 'gate': 'B4', 'baggage': '4', 'scheduled': '2025-05-02T13:05:00+00:00', 'delay': None, 'estimated': None, 'actual': None, 'estimated_runway': None, 'actual_runway': None}","{'name': 'Turkish Airlines', 'iata': 'TK', 'icao': 'THY'}","{'number': '8373', 'iata': 'TK8373', 'icao': 'THY8373', 'codeshared': {'airline_name': 'thai airways international', 'airline_iata': 'tg', 'airline_icao': 'tha', 'flight_number': '632', 'flight_iata': 'tg632', 'flight_icao': 'tha632'}}",,
2025-05-02,scheduled,"{'airport': 'Suvarnabhumi International', 'timezone': 'Asia/Bangkok', 'iata': 'BKK', 'icao': 'VTBS', 'terminal': None, 'gate': None, 'delay': None, 'scheduled': '2025-05-02T08:25:00+00:00', 'estimated': '2025-05-02T08:25:00+00:00', 'actual': None, 'estimated_runway': None, 'actual_runway': None}","{'airport': 'Taiwan Taoyuan International (Chiang Kai Shek International)', 'timezone': 'Asia/Taipei', 'iata': 'TPE', 'icao': 'RCTP', 'terminal': '1', 'gate': 'B4', 'baggage': '4', 'scheduled': '2025-05-02T13:05:00+00:00', 'delay': None, 'estimated': None, 'actual': None, 'estimated_runway': None, 'actual_runway': None}","{'name': 'EVA Air', 'iata': 'BR', 'icao': 'EVA'}","{'number': '2222', 'iata': 'BR2222', 'icao': 'EVA2222', 'codeshared': {'airline_name': 'thai airways international', 'airline_iata': 'tg', 'airline_icao': 'tha', 'flight_number': '632', 'flight_iata': 'tg632', 'flight_icao': 'tha632'}}",,
2025-05-02,scheduled,"{'airport': 'Ninoy Aquino International', 'timezone': 'Asia/Manila', 'iata': 'MNL', 'icao': 'RPLL', 'terminal': '1', 'gate': '1-39', 'delay': None, 'scheduled': '2025-05-02T10:35:00+00:00', 'estimated': '2025-05-02T10:35:00+00:00', 'actual': None, 'estimated_runway': None, 'actual_runway': None}","{'airport': 'Taiwan Taoyuan International (Chiang Kai Shek International)', 'timezone': 'Asia/Taipei', 'iata': 'TPE', 'icao': 'RCTP', 'terminal': '1', 'gate': 'D1', 'baggage': '4', 'scheduled': '2025-05-02T12:50:00+00:00', 'delay': None, 'estimated': None, 'actual': None, 'estimated_runway': None, 'actual_runway': None}","{'name': 'Philippine Airlines', 'iata': 'PR', 'icao': 'PAL'}","{'number': '3192', 'iata': 'PR3192', 'icao': 'PAL3192', 'codeshared': {'airline_name': 'china airlines', 'airline_iata': 'ci', 'airline_icao': 'cal', 'flight_number': '702', 'flight_iata': 'ci702', 'flight_icao': 'cal702'}}",,
2025-05-02,cancelled,"{'airport': 'Helsinki-vantaa', 'timezone': 'Europe/Helsinki', 'iata': 'HEL', 'icao': 'EFHK', 'terminal': None, 'gate': '211', 'delay': None, 'scheduled': '2025-05-02T08:05:00+00:00', 'estimated': '2025-05-02T08:05:00+00:00', 'actual': None, 'estimated_runway': None, 'actual_runway': None}","{'airport': 'Geneve-cointrin', 'timezone': 'Europe/Zurich', 'iata': 'GVA', 'icao': 'LSGG', 'terminal': '1', 'gate': None, 'baggage': '2', 'scheduled': '2025-05-02T10:05:00+00:00', 'delay': None, 'estimated': None, 'actual': None, 'estimated_runway': None, 'actual_runway': None}","{'name': 'Japan Airlines', 'iata': 'JL', 'icao': 'JTL'}","{'number': '9309', 'iata': 'JL9309', 'icao': 'JTL9309', 'codeshared': {'airline_name': 'finnair', 'airline_iata': 'ay', 'airline_icao': 'fin', 'flight_number': '1531', 'flight_iata': 'ay1531', 'flight_icao': 'fin1531'}}",,
2025-05-02,cancelled,"{'airport': 'Helsinki-vantaa', 'timezone': 'Europe/Helsinki', 'iata': 'HEL', 'icao': 'EFHK', 'terminal': None, 'gate': '211', 'delay': None, 'scheduled': '2025-05-02T08:05:00+00:00', 'estimated': '2025-05-02T08:05:00+00:00', 'actual': None, 'estimated_runway': None, 'actual_runway': None}","{'airport': 'Geneve-cointrin', 'timezone': 'Europe/Zurich', 'iata': 'GVA', 'icao': 'LSGG', 'terminal': '1', 'gate': None, 'baggage': '2', 'scheduled': '2025-05-02T10:05:00+00:00', 'delay': None, 'estimated': None, 'actual': None, 'estimated_runway': None, 'actual_runway': None}","{'name': 'Iberia', 'iata': 'IB', 'icao': 'IBE'}","{'number': '6437', 'iata': 'IB6437', 'icao': 'IBE6437', 'codeshared': {'airline_name': 'finnair', 'airline_iata': 'ay', 'airline_icao': 'fin', 'flight_number': '1531', 'flight_iata': 'ay1531', 'flight_icao': 'fin1531'}}",,
2025-05-02,cancelled,"{'airport': 'Helsinki-vantaa', 'timezone': 'Europe/Helsinki', 'iata': 'HEL', 'icao': 'EFHK', 'terminal': None, 'gate': None, 'delay': None, 'scheduled': '2025-05-02T08:00:00+00:00', 'estimated': '2025-05-02T08:00:00+00:00', 'actual': None, 'estimated_runway': None, 'actual_runway': None}","{'airport': 'Milano Malpensa', 'timezone': 'Europe/Rome', 'iata': 'MXP', 'icao': 'LIMC', 'terminal': '1', 'gate': None, 'baggage': None, 'scheduled': '2025-05-02T10:05:00+00:00', 'delay': None, 'estimated': None, 'actual': None, 'estimated_runway': None, 'actual_runway': None}","{'name': 'TAP Air Portugal', 'iata': 'TP', 'icao': 'TAP'}","{'number': '8354', 'iata': 'TP8354', 'icao': 'TAP8354', 'codeshared': {'airline_name': 'finnair', 'airline_iata': 'ay', 'airline_icao': 'fin', 'flight_number': '1751', 'flight_iata': 'ay1751', 'flight_icao': 'fin1751'}}",,
2025-05-02,cancelled,"{'airport': 'Helsinki-vantaa', 'timezone': 'Europe/Helsinki', 'iata': 'HEL', 'icao': 'EFHK', 'terminal': None, 'gate': None, 'delay': None, 'scheduled': '2025-05-02T08:00:00+00:00', 'estimated': '2025-05-02T08:00:00+00:00', 'actual': None, 'estimated_runway': None, 'actual_runway': None}","{'airport': 'Milano Malpensa', 'timezone': 'Europe/Rome', 'iata': 'MXP', 'icao': 'LIMC', 'terminal': '1', 'gate': None, 'baggage': None, 'scheduled': '2025-05-02T10:05:00+00:00', 'delay': None, 'estimated': None, 'actual': None, 'estimated_runway': None, 'actual_runway': None}","{'name': 'Japan Airlines', 'iata': 'JL', 'icao': 'JTL'}","{'number': '9329', 'iata': 'JL9329', 'icao': 'JTL9329', 'codeshared': {'airline_name': 'finnair', 'airline_iata': 'ay', 'airline_icao': 'fin', 'flight_number': '1751', 'flight_iata': 'ay1751', 'flight_icao': 'fin1751'}}",,
2025-05-02,cancelled,"{'airport': 'Helsinki-vantaa', 'timezone': 'Europe/Helsinki', 'iata': 'HEL', 'icao': 'EFHK', 'terminal': None, 'gate': None, 'delay': None, 'scheduled': '2025-05-02T08:00:00+00:00', 'estimated': '2025-05-02T08:00:00+00:00', 'actual': None, 'estimated_runway': None, 'actual_runway': None}","{'airport': 'Milano Malpensa', 'timezone': 'Europe/Rome', 'iata': 'MXP', 'icao': 'LIMC', 'terminal': '1', 'gate': None, 'baggage': None, 'scheduled': '2025-05-02T10:05:00+00:00', 'delay': None, 'estimated': None, 'actual': None, 'estimated_runway': None, 'actual_runway': None}","{'name': 'Cathay Pacific', 'iata': 'CX', 'icao': 'CPA'}","{'number': '1460', 'iata': 'CX1460', 'icao': 'CPA1460', 'codeshared': {'airline_name': 'finnair', 'airline_iata': 'ay', 'airline_icao': 'fin', 'flight_number': '1751', 'flight_iata': 'ay1751', 'flight_icao': 'fin1751'}}",,
2025-05-02,cancelled,"{'airport': 'Helsinki-vantaa', 'timezone': 'Europe/Helsinki', 'iata': 'HEL', 'icao': 'EFHK', 'terminal': None, 'gate': None, 'delay': None, 'scheduled': '2025-05-02T08:00:00+00:00', 'estimated': '2025-05-02T08:00:00+00:00', 'actual': None, 'estimated_runway': None, 'actual_runway': None}","{'airport': 'Franz Josef Strauss', 'timezone': 'Europe/Berlin', 'iata': 'MUC', 'icao': 'EDDM', 'terminal': '1', 'gate': None, 'baggage': None, 'scheduled': '2025-05-02T09:35:00+00:00', 'delay': None, 'estimated': None, 'actual': None, 'estimated_runway': None, 'actual_runway': None}","{'name': 'Japan Airlines', 'iata': 'JL', 'icao': 'JTL'}","{'number': '9341', 'iata': 'JL9341', 'icao': 'JTL9341', 'codeshared': {'airline_name': 'finnair', 'airline_iata': 'ay', 'airline_icao': 'fin', 'flight_number': '1401', 'flight_iata': 'ay1401', 'flight_icao': 'fin1401'}}",,
2025-05-02,scheduled,"{'airport': 'Helsinki-vantaa', 'timezone': 'Europe/Helsinki', 'iata': 'HEL', 'icao': 'EFHK', 'terminal': None, 'gate': None, 'delay': 8, 'scheduled': '2025-05-02T07:00:00+00:00', 'estimated': '2025-05-02T07:00:00+00:00', 'actual': None, 'estimated_runway': None, 'actual_runway': None}","{'airport': 'Oulu', 'timezone': 'Europe/Helsinki', 'iata': 'OUL', 'icao': 'EFOU', 'terminal': None, 'gate': None, 'baggage': None, 'scheduled': '2025-05-02T07:55:00+00:00', 'delay': None, 'estimated': None, 'actual': None, 'estimated_runway': None, 'actual_runway': None}","{'name': 'Finnair', 'iata': 'AY', 'icao': 'FIN'}","{'number': None, 'iata': 'AY', 'icao': 'FIN', 'codeshared': None}",,
2025-05-02,scheduled,"{'airport': 'Don Muang', 'timezone': 'Asia/Bangkok', 'iata': 'DMK', 'icao': 'VTBD', 'terminal': '2', 'gate': '52', 'delay': 15, 'scheduled': '2025-05-02T09:15:00+00:00', 'estimated': '2025-05-02T09:15:00+00:00', 'actual': None, 'estimated_runway': None, 'actual_runway': None}","{'airport': 'Chiang Mai International', 'timezone': 'Asia/Bangkok', 'iata': 'CNX', 'icao': 'VTCC', 'terminal': None, 'gate': '04D', 'baggage': '3', 'scheduled': '2025-05-02T10:30:00+00:00', 'delay': None, 'estimated': None, 'actual': None, 'estimated_runway': None, 'actual_runway': None}","{'name': 'AirAsia', 'iata': 'AK', 'icao': 'AXM'}","{'number': '3435', 'iata': 'AK3435', 'icao': 'AXM3435', 'codeshared': None}",,
2025-05-02,active,"{'airport': 'Tolmachevo', 'timezone': 'Asia/Novosibirsk', 'iata': 'OVB', 'icao': 'UNNT', 'terminal': None, 'gate': None, 'delay': 13, 'scheduled': '2025-05-02T05:10:00+00:00', 'estimated': '2025-05-02T05:10:00+00:00', 'actual': '2025-05-02T05:23:00+00:00', 'estimated_runway': '2025-05-02T05:23:00+00:00', 'actual_runway': '2025-05-02T05:23:00+00:00'}","{'airport': 'Krasnojarsk', 'timezone': 'Asia/Krasnoyarsk', 'iata': 'KJA', 'icao': 'UNKL', 'terminal': '1', 'gate': None, 'baggage': None, 'scheduled': '2025-05-02T06:35:00+00:00', 'delay': None, 'estimated': None, 'actual': None, 'estimated_runway': None, 'actual_runway': None}","{'name': 'Rossiya Airlines', 'iata': 'FV', 'icao': 'SDM'}","{'number': '6862', 'iata': 'FV6862', 'icao': 'SDM6862', 'codeshared': None}",,
2025-05-02,active,"{'airport': 'Wellington International', 'timezone': 'Pacific/Auckland', 'iata': 'WLG', 'icao': 'NZWN', 'terminal': None, 'gate': '3', 'delay': 8, 'scheduled': '2025-05-02T10:25:00+00:00', 'estimated': '2025-05-02T10:25:00+00:00', 'actual': '2025-05-02T10:32:00+00:00', 'estimated_runway': '2025-05-02T10:32:00+00:00', 'actual_runway': '2025-05-02T10:32:00+00:00'}","{'airport': 'Koromiko', 'timezone': 'Pacific/Auckland', 'iata': 'PCN', 'icao': 'NZOK', 'terminal': None, 'gate': None, 'baggage': None, 'scheduled': '2025-05-02T10:55:00+00:00', 'delay': 5, 'estimated': '2025-05-02T11:00:00+00:00', 'actual': None, 'estimated_runway': None, 'actual_runway': None}","{'name': 'Sounds Air', 'iata': 'S8', 'icao': 'SDA'}","{'number': '113', 'iata': 'S8113', 'icao': 'SDA113', 'codeshared': None}",,
2025-05-02,scheduled,"{'airport': 'Brussels Airport', 'timezone': 'Europe/Brussels', 'iata': 'BRU', 'icao': 'EBBR', 'terminal': None, 'gate': None, 'delay': 15, 'scheduled': '2025-05-02T06:05:00+00:00', 'estimated': '2025-05-02T06:05:00+00:00', 'actual': None, 'estimated_runway': None, 'actual_runway': None}","{'airport': 'Alicante El Altet', 'timezone': 'Europe/Madrid', 'iata': 'ALC', 'icao': 'LEAL', 'terminal': None, 'gate': None, 'baggage': '9A', 'scheduled': '2025-05-02T08:50:00+00:00', 'delay': None, 'estimated': None, 'actual': None, 'estimated_runway': None, 'actual_runway': None}","{'name': 'Bulgaria Air', 'iata': 'FB', 'icao': 'LZB'}","{'number': '1111', 'iata': 'FB1111', 'icao': 'LZB1111', 'codeshared': None}",,
